"resultid","raceid","driverid","constructorid","number","grid","position","positiontext","positionorder","points","statusid"
24626,1031,822,131,"77",1,"1","1",1,"25",1
24627,1031,844,6,"16",7,"2","2",2,"18",1
24628,1031,846,1,"4",3,"3","3",3,"16",1
24629,1031,1,131,"44",5,"4","4",4,"12",1
24630,1031,832,1,"55",8,"5","5",5,"10",1
24631,1031,815,211,"11",6,"6","6",6,"8",1
24632,1031,842,213,"10",12,"7","7",7,"6",1
24633,1031,839,4,"31",14,"8","8",8,"4",1
24634,1031,841,51,"99",18,"9","9",9,"2",1
24635,1031,20,6,"5",11,"10","10",10,"1",1
24636,1031,849,3,"6",20,"11","11",11,"0",1
24637,1031,826,213,"26",13,"12","12",12,"0",22
24638,1031,848,9,"23",4,"13","13",13,"0",40
24639,1031,8,51,"7",19,"\N","R",14,"0",36
24640,1031,847,3,"63",17,"\N","R",15,"0",32
24641,1031,154,210,"8",15,"\N","R",16,"0",23
24642,1031,825,210,"20",16,"\N","R",17,"0",23
24643,1031,840,211,"18",9,"\N","R",18,"0",5
24644,1031,817,4,"3",10,"\N","R",19,"0",25
24645,1031,830,9,"33",2,"\N","R",20,"0",40
24646,1032,1,131,"44",1,"1","1",1,"25",1
24647,1032,822,131,"77",4,"2","2",2,"18",1
24648,1032,830,9,"33",2,"3","3",3,"15",1
24649,1032,848,9,"23",6,"4","4",4,"12",1
24650,1032,846,1,"4",9,"5","5",5,"10",1
24651,1032,815,211,"11",17,"6","6",6,"8",1
24652,1032,840,211,"18",12,"7","7",7,"6",1
24653,1032,817,4,"3",8,"8","8",8,"4",1
24654,1032,832,1,"55",3,"9","9",9,"3",11
24655,1032,826,213,"26",13,"10","10",10,"1",11
24656,1032,8,51,"7",16,"11","11",11,"0",11
24657,1032,825,210,"20",15,"12","12",12,"0",11
24658,1032,154,210,"8",0,"13","13",13,"0",11
24659,1032,841,51,"99",19,"14","14",14,"0",11
24660,1032,842,213,"10",7,"15","15",15,"0",11
24661,1032,847,3,"63",11,"16","16",16,"0",12
24662,1032,849,3,"6",18,"17","17",17,"0",12
24663,1032,839,4,"31",5,"\N","R",18,"0",25
24664,1032,844,6,"16",14,"\N","R",19,"0",130
24665,1032,20,6,"5",10,"\N","R",20,"0",130
24666,1033,1,131,"44",1,"1","1",1,"26",1
24667,1033,830,9,"33",7,"2","2",2,"18",1
24668,1033,822,131,"77",2,"3","3",3,"15",1
24669,1033,840,211,"18",3,"4","4",4,"12",1
24670,1033,848,9,"23",13,"5","5",5,"10",1
24671,1033,20,6,"5",5,"6","6",6,"8",11
24672,1033,815,211,"11",4,"7","7",7,"6",11
24673,1033,817,4,"3",11,"8","8",8,"4",11
24674,1033,832,1,"55",9,"9","9",9,"2",11
24675,1033,825,210,"20",0,"10","10",10,"1",11
24676,1033,844,6,"16",6,"11","11",11,"0",11
24677,1033,826,213,"26",17,"12","12",12,"0",11
24678,1033,846,1,"4",8,"13","13",13,"0",11
24679,1033,839,4,"31",14,"14","14",14,"0",11
24680,1033,8,51,"7",20,"15","15",15,"0",11
24681,1033,154,210,"8",0,"16","16",16,"0",11
24682,1033,841,51,"99",19,"17","17",17,"0",11
24683,1033,847,3,"63",12,"18","18",18,"0",11
24684,1033,849,3,"6",15,"19","19",19,"0",15
24685,1033,842,213,"10",10,"\N","R",20,"0",5
24686,1034,1,131,"44",1,"1","1",1,"25",1
24687,1034,830,9,"33",3,"2","2",2,"19",1
24688,1034,844,6,"16",4,"3","3",3,"15",1
24689,1034,817,4,"3",8,"4","4",4,"12",1
24690,1034,846,1,"4",5,"5","5",5,"10",1
24691,1034,839,4,"31",9,"6","6",6,"8",1
24692,1034,842,213,"10",11,"7","7",7,"6",1
24693,1034,848,9,"23",12,"8","8",8,"4",1
24694,1034,840,211,"18",6,"9","9",9,"2",1
24695,1034,20,6,"5",10,"10","10",10,"1",1
24696,1034,822,131,"77",2,"11","11",11,"0",1
24697,1034,847,3,"63",20,"12","12",12,"0",1
24698,1034,832,1,"55",7,"13","13",13,"0",1
24699,1034,841,51,"99",15,"14","14",14,"0",1
24700,1034,849,3,"6",18,"15","15",15,"0",1
24701,1034,154,210,"8",17,"16","16",16,"0",1
24702,1034,8,51,"7",16,"17","17",17,"0",11
24703,1034,826,213,"26",19,"\N","R",18,"0",3
24704,1034,825,210,"20",14,"\N","R",19,"0",4
24705,1034,807,211,"27",13,"\N","W",20,"0",131
24706,1035,830,9,"33",4,"1","1",1,"25",1
24707,1035,1,131,"44",2,"2","2",2,"19",1
24708,1035,822,131,"77",1,"3","3",3,"15",1
24709,1035,844,6,"16",8,"4","4",4,"12",1
24710,1035,848,9,"23",9,"5","5",5,"10",1
24711,1035,840,211,"18",6,"6","6",6,"8",1
24712,1035,807,211,"27",3,"7","7",7,"6",1
24713,1035,839,4,"31",14,"8","8",8,"4",1
24714,1035,846,1,"4",10,"9","9",9,"2",1
24715,1035,826,213,"26",16,"10","10",10,"1",1
24716,1035,842,213,"10",7,"11","11",11,"0",1
24717,1035,20,6,"5",11,"12","12",12,"0",1
24718,1035,832,1,"55",12,"13","13",13,"0",1
24719,1035,817,4,"3",5,"14","14",14,"0",11
24720,1035,8,51,"7",20,"15","15",15,"0",11
24721,1035,154,210,"8",13,"16","16",16,"0",11
24722,1035,841,51,"99",19,"17","17",17,"0",11
24723,1035,847,3,"63",15,"18","18",18,"0",11
24724,1035,849,3,"6",18,"19","19",19,"0",11
24725,1035,825,210,"20",17,"\N","R",20,"0",31
24726,1036,1,131,"44",1,"1","1",1,"25",1
24727,1036,830,9,"33",3,"2","2",2,"18",1
24728,1036,822,131,"77",2,"3","3",3,"16",1
24729,1036,840,211,"18",5,"4","4",4,"12",11
24730,1036,815,211,"11",4,"5","5",5,"10",11
24731,1036,832,1,"55",7,"6","6",6,"8",11
24732,1036,20,6,"5",11,"7","7",7,"6",11
24733,1036,848,9,"23",6,"8","8",8,"4",11
24734,1036,842,213,"10",10,"9","9",9,"2",11
24735,1036,846,1,"4",8,"10","10",10,"1",11
24736,1036,817,4,"3",13,"11","11",11,"0",11
24737,1036,826,213,"26",12,"12","12",12,"0",11
24738,1036,839,4,"31",15,"13","13",13,"0",11
24739,1036,8,51,"7",14,"14","14",14,"0",11
24740,1036,825,210,"20",16,"15","15",15,"0",11
24741,1036,841,51,"99",20,"16","16",16,"0",11
24742,1036,847,3,"63",18,"17","17",17,"0",11
24743,1036,849,3,"6",19,"18","18",18,"0",12
24744,1036,154,210,"8",17,"19","19",19,"0",12
24745,1036,844,6,"16",9,"\N","R",20,"0",40
24746,1037,1,131,"44",1,"1","1",1,"25",1
24747,1037,822,131,"77",2,"2","2",2,"18",1
24748,1037,830,9,"33",3,"3","3",3,"15",1
24749,1037,817,4,"3",4,"4","4",4,"13",1
24750,1037,839,4,"31",6,"5","5",5,"10",1
24751,1037,848,9,"23",5,"6","6",6,"8",1
24752,1037,846,1,"4",10,"7","7",7,"6",1
24753,1037,842,213,"10",12,"8","8",8,"4",1
24754,1037,840,211,"18",9,"9","9",9,"2",1
24755,1037,815,211,"11",8,"10","10",10,"1",1
24756,1037,826,213,"26",11,"11","11",11,"0",1
24757,1037,8,51,"7",16,"12","12",12,"0",1
24758,1037,20,6,"5",14,"13","13",13,"0",1
24759,1037,844,6,"16",13,"14","14",14,"0",1
24760,1037,154,210,"8",17,"15","15",15,"0",1
24761,1037,849,3,"6",19,"16","16",16,"0",1
24762,1037,825,210,"20",20,"17","17",17,"0",1
24763,1037,841,51,"99",18,"\N","R",18,"0",3
24764,1037,847,3,"63",15,"\N","R",19,"0",138
24765,1037,832,1,"55",7,"\N","W",20,"0",43
24766,1038,842,213,"10",10,"1","1",1,"25",1
24767,1038,832,1,"55",3,"2","2",2,"18",1
24768,1038,840,211,"18",8,"3","3",3,"15",1
24769,1038,846,1,"4",6,"4","4",4,"12",1
24770,1038,822,131,"77",2,"5","5",5,"10",1
24771,1038,817,4,"3",7,"6","6",6,"8",1
24772,1038,1,131,"44",1,"7","7",7,"7",1
24773,1038,839,4,"31",12,"8","8",8,"4",1
24774,1038,826,213,"26",11,"9","9",9,"2",1
24775,1038,815,211,"11",4,"10","10",10,"1",1
24776,1038,849,3,"6",20,"11","11",11,"0",1
24777,1038,154,210,"8",16,"12","12",12,"0",1
24778,1038,8,51,"7",14,"13","13",13,"0",1
24779,1038,847,3,"63",19,"14","14",14,"0",1
24780,1038,848,9,"23",9,"15","15",15,"0",1
24781,1038,841,51,"99",18,"16","16",16,"0",1
24782,1038,830,9,"33",5,"\N","R",17,"0",131
24783,1038,844,6,"16",13,"\N","R",18,"0",3
24784,1038,825,210,"20",15,"\N","R",19,"0",131
24785,1038,20,6,"5",17,"\N","R",20,"0",23
24786,1039,1,131,"44",1,"1","1",1,"26",1
24787,1039,822,131,"77",2,"2","2",2,"18",1
24788,1039,848,9,"23",4,"3","3",3,"15",1
24789,1039,817,4,"3",8,"4","4",4,"12",1
24790,1039,815,211,"11",7,"5","5",5,"10",1
24791,1039,846,1,"4",11,"6","6",6,"8",1
24792,1039,826,213,"26",12,"7","7",7,"6",1
24793,1039,844,6,"16",5,"8","8",8,"4",1
24794,1039,8,51,"7",13,"9","9",9,"2",1
24795,1039,20,6,"5",14,"10","10",10,"1",1
24796,1039,847,3,"63",18,"11","11",11,"0",1
24797,1039,154,210,"8",15,"12","12",12,"0",1
24798,1039,840,211,"18",6,"\N","R",13,"0",29
24799,1039,839,4,"31",10,"\N","R",14,"0",23
24800,1039,849,3,"6",19,"\N","R",15,"0",4
24801,1039,825,210,"20",20,"\N","R",16,"0",4
24802,1039,841,51,"99",17,"\N","R",17,"0",4
24803,1039,832,1,"55",9,"\N","R",18,"0",4
24804,1039,830,9,"33",3,"\N","R",19,"0",4
24805,1039,842,213,"10",16,"\N","R",20,"0",4
24806,1040,822,131,"77",3,"1","1",1,"26",1
24807,1040,830,9,"33",2,"2","2",2,"18",1
24808,1040,1,131,"44",1,"3","3",3,"15",1
24809,1040,815,211,"11",4,"4","4",4,"12",1
24810,1040,817,4,"3",5,"5","5",5,"10",1
24811,1040,844,6,"16",10,"6","6",6,"8",1
24812,1040,839,4,"31",7,"7","7",7,"6",1
24813,1040,826,213,"26",11,"8","8",8,"4",1
24814,1040,842,213,"10",9,"9","9",9,"2",1
24815,1040,848,9,"23",15,"10","10",10,"1",1
24816,1040,841,51,"99",17,"11","11",11,"0",11
24817,1040,825,210,"20",18,"12","12",12,"0",11
24818,1040,20,6,"5",14,"13","13",13,"0",11
24819,1040,8,51,"7",19,"14","14",14,"0",11
24820,1040,846,1,"4",8,"15","15",15,"0",11
24821,1040,849,3,"6",20,"16","16",16,"0",11
24822,1040,154,210,"8",16,"17","17",17,"0",11
24823,1040,847,3,"63",13,"18","18",18,"0",11
24824,1040,832,1,"55",6,"\N","R",19,"0",3
24825,1040,840,211,"18",12,"\N","R",20,"0",4
24826,1041,1,131,"44",2,"1","1",1,"25",1
24827,1041,830,9,"33",3,"2","2",2,"19",1
24828,1041,817,4,"3",6,"3","3",3,"15",1
24829,1041,815,211,"11",9,"4","4",4,"12",1
24830,1041,832,1,"55",10,"5","5",5,"10",1
24831,1041,842,213,"10",12,"6","6",6,"8",1
24832,1041,844,6,"16",4,"7","7",7,"6",1
24833,1041,807,211,"27",20,"8","8",8,"4",1
24834,1041,154,210,"8",16,"9","9",9,"2",1
24835,1041,841,51,"99",14,"10","10",10,"1",1
24836,1041,20,6,"5",11,"11","11",11,"0",1
24837,1041,8,51,"7",19,"12","12",12,"0",1
24838,1041,825,210,"20",15,"13","13",13,"0",1
24839,1041,849,3,"6",18,"14","14",14,"0",1
24840,1041,826,213,"26",13,"15","15",15,"0",1
24841,1041,846,1,"4",8,"\N","R",16,"0",131
24842,1041,848,9,"23",5,"\N","R",17,"0",21
24843,1041,839,4,"31",7,"\N","R",18,"0",6
24844,1041,822,131,"77",1,"\N","R",19,"0",131
24845,1041,847,3,"63",17,"\N","R",20,"0",4
24846,1042,1,131,"44",1,"1","1",1,"26",1
24847,1042,822,131,"77",2,"2","2",2,"18",1
24848,1042,830,9,"33",3,"3","3",3,"15",1
24849,1042,844,6,"16",4,"4","4",4,"12",1
24850,1042,842,213,"10",9,"5","5",5,"10",11
24851,1042,832,1,"55",7,"6","6",6,"8",11
24852,1042,815,211,"11",5,"7","7",7,"6",11
24853,1042,839,4,"31",11,"8","8",8,"4",11
24854,1042,817,4,"3",10,"9","9",9,"2",11
24855,1042,20,6,"5",15,"10","10",10,"1",11
24856,1042,8,51,"7",16,"11","11",11,"0",11
24857,1042,848,9,"23",6,"12","12",12,"0",11
24858,1042,846,1,"4",8,"13","13",13,"0",11
24859,1042,847,3,"63",14,"14","14",14,"0",11
24860,1042,841,51,"99",17,"15","15",15,"0",11
24861,1042,825,210,"20",19,"16","16",16,"0",11
24862,1042,154,210,"8",18,"17","17",17,"0",11
24863,1042,849,3,"6",20,"18","18",18,"0",12
24864,1042,826,213,"26",13,"19","19",19,"0",12
24865,1042,840,211,"18",12,"\N","R",20,"0",130
24866,1043,1,131,"44",2,"1","1",1,"26",1
24867,1043,822,131,"77",1,"2","2",2,"18",1
24868,1043,817,4,"3",5,"3","3",3,"15",1
24869,1043,826,213,"26",8,"4","4",4,"12",1
24870,1043,844,6,"16",7,"5","5",5,"10",1
24871,1043,815,211,"11",11,"6","6",6,"8",1
24872,1043,832,1,"55",10,"7","7",7,"6",1
24873,1043,846,1,"4",9,"8","8",8,"4",1
24874,1043,8,51,"7",18,"9","9",9,"2",1
24875,1043,841,51,"99",20,"10","10",10,"1",1
24876,1043,849,3,"6",19,"11","11",11,"0",1
24877,1043,20,6,"5",14,"12","12",12,"0",1
24878,1043,840,211,"18",15,"13","13",13,"0",1
24879,1043,154,210,"8",16,"14","14",14,"0",1
24880,1043,848,9,"23",6,"15","15",15,"0",1
24881,1043,847,3,"63",13,"\N","R",16,"0",3
24882,1043,830,9,"33",3,"\N","R",17,"0",29
24883,1043,825,210,"20",17,"\N","R",18,"0",139
24884,1043,839,4,"31",12,"\N","R",19,"0",6
24885,1043,842,213,"10",4,"\N","R",20,"0",34
24886,1044,1,131,"44",6,"1","1",1,"25",1
24887,1044,815,211,"11",3,"2","2",2,"18",1
24888,1044,20,6,"5",11,"3","3",3,"15",1
24889,1044,844,6,"16",12,"4","4",4,"12",1
24890,1044,832,1,"55",15,"5","5",5,"10",1
24891,1044,830,9,"33",2,"6","6",6,"8",1
24892,1044,848,9,"23",4,"7","7",7,"6",1
24893,1044,846,1,"4",14,"8","8",8,"5",1
24894,1044,840,211,"18",1,"9","9",9,"2",1
24895,1044,817,4,"3",5,"10","10",10,"1",1
24896,1044,839,4,"31",7,"11","11",11,"0",11
24897,1044,826,213,"26",16,"12","12",12,"0",11
24898,1044,842,213,"10",19,"13","13",13,"0",11
24899,1044,822,131,"77",9,"14","14",14,"0",11
24900,1044,8,51,"7",8,"15","15",15,"0",11
24901,1044,847,3,"63",0,"16","16",16,"0",11
24902,1044,825,210,"20",13,"17","17",17,"0",54
24903,1044,154,210,"8",17,"\N","R",18,"0",130
24904,1044,849,3,"6",0,"\N","R",19,"0",130
24905,1044,841,51,"99",10,"\N","R",20,"0",6
24906,1045,1,131,"44",1,"1","1",1,"25",1
24907,1045,830,9,"33",3,"2","2",2,"19",1
24908,1045,848,9,"23",4,"3","3",3,"15",1
24909,1045,846,1,"4",9,"4","4",4,"12",1
24910,1045,832,1,"55",15,"5","5",5,"10",1
24911,1045,842,213,"10",8,"6","6",6,"8",1
24912,1045,817,4,"3",6,"7","7",7,"6",1
24913,1045,822,131,"77",2,"8","8",8,"4",1
24914,1045,839,4,"31",7,"9","9",9,"2",1
24915,1045,844,6,"16",12,"10","10",10,"1",11
24916,1045,826,213,"26",10,"11","11",11,"0",11
24917,1045,847,3,"63",14,"12","12",12,"0",11
24918,1045,20,6,"5",11,"13","13",13,"0",11
24919,1045,849,3,"6",20,"14","14",14,"0",11
24920,1045,8,51,"7",17,"15","15",15,"0",11
24921,1045,841,51,"99",16,"16","16",16,"0",11
24922,1045,825,210,"20",18,"17","17",17,"0",11
24923,1045,815,211,"11",5,"18","18",18,"0",5
24924,1045,840,211,"18",13,"\N","R",19,"0",4
24925,1045,154,210,"8",19,"\N","R",20,"0",4
24926,1046,815,211,"11",5,"1","1",1,"25",1
24927,1046,839,4,"31",11,"2","2",2,"18",1
24928,1046,840,211,"18",10,"3","3",3,"15",1
24929,1046,832,1,"55",8,"4","4",4,"12",1
24930,1046,817,4,"3",7,"5","5",5,"10",1
24931,1046,848,9,"23",12,"6","6",6,"8",1
24932,1046,826,213,"26",6,"7","7",7,"6",1
24933,1046,822,131,"77",1,"8","8",8,"4",1
24934,1046,847,131,"63",2,"9","9",9,"3",1
24935,1046,846,1,"4",19,"10","10",10,"1",1
24936,1046,842,213,"10",9,"11","11",11,"0",1
24937,1046,20,6,"5",13,"12","12",12,"0",1
24938,1046,841,51,"99",14,"13","13",13,"0",1
24939,1046,8,51,"7",18,"14","14",14,"0",1
24940,1046,825,210,"20",15,"15","15",15,"0",1
24941,1046,851,3,"89",17,"16","16",16,"0",1
24942,1046,850,210,"51",20,"17","17",17,"0",1
24943,1046,849,3,"6",16,"\N","R",18,"0",5
24944,1046,830,9,"33",3,"\N","R",19,"0",3
24945,1046,844,6,"16",4,"\N","R",20,"0",4
24946,1047,830,9,"33",1,"1","1",1,"25",1
24947,1047,822,131,"77",2,"2","2",2,"18",1
24948,1047,1,131,"44",3,"3","3",3,"15",1
24949,1047,848,9,"23",5,"4","4",4,"12",1
24950,1047,846,1,"4",4,"5","5",5,"10",1
24951,1047,832,1,"55",6,"6","6",6,"8",1
24952,1047,817,4,"3",11,"7","7",7,"7",1
24953,1047,842,213,"10",9,"8","8",8,"4",1
24954,1047,839,4,"31",10,"9","9",9,"2",1
24955,1047,840,211,"18",8,"10","10",10,"1",1
24956,1047,826,213,"26",7,"11","11",11,"0",11
24957,1047,8,51,"7",15,"12","12",12,"0",11
24958,1047,844,6,"16",12,"13","13",13,"0",11
24959,1047,20,6,"5",13,"14","14",14,"0",11
24960,1047,847,3,"63",16,"15","15",15,"0",11
24961,1047,841,51,"99",14,"16","16",16,"0",11
24962,1047,849,3,"6",18,"17","17",17,"0",11
24963,1047,825,210,"20",20,"18","18",18,"0",11
24964,1047,850,210,"51",17,"19","19",19,"0",12
24965,1047,815,211,"11",19,"\N","R",20,"0",7
24966,1052,1,131,"44",2,"1","1",1,"25",1
24967,1052,830,9,"33",1,"2","2",2,"18",1
24968,1052,822,131,"77",3,"3","3",3,"16",1
24969,1052,846,1,"4",7,"4","4",4,"12",1
24970,1052,815,9,"11",0,"5","5",5,"10",1
24971,1052,844,6,"16",4,"6","6",6,"8",1
24972,1052,817,1,"3",6,"7","7",7,"6",1
24973,1052,832,6,"55",8,"8","8",8,"4",1
24974,1052,852,213,"22",13,"9","9",9,"2",1
24975,1052,840,117,"18",10,"10","10",10,"1",1
24976,1052,8,51,"7",14,"11","11",11,"0",1
24977,1052,841,51,"99",12,"12","12",12,"0",11
24978,1052,839,214,"31",16,"13","13",13,"0",11
24979,1052,847,3,"63",15,"14","14",14,"0",11
24980,1052,20,117,"5",20,"15","15",15,"0",11
24981,1052,854,210,"47",18,"16","16",16,"0",11
24982,1052,842,213,"10",5,"17","17",17,"0",31
24983,1052,849,3,"6",17,"18","18",18,"0",31
24984,1052,4,214,"14",9,"\N","R",19,"0",23
24985,1052,853,210,"9",19,"\N","R",20,"0",3
24986,1053,830,9,"33",3,"1","1",1,"25",1
24987,1053,1,131,"44",1,"2","2",2,"19",1
24988,1053,846,1,"4",7,"3","3",3,"15",1
24989,1053,844,6,"16",4,"4","4",4,"12",1
24990,1053,832,6,"55",11,"5","5",5,"10",1
24991,1053,817,1,"3",6,"6","6",6,"8",1
24992,1053,842,213,"10",5,"7","7",7,"6",1
24993,1053,840,117,"18",10,"8","8",8,"4",1
24994,1053,839,214,"31",9,"9","9",9,"2",1
24995,1053,4,214,"14",15,"10","10",10,"1",1
24996,1053,815,9,"11",2,"11","11",11,"0",1
24997,1053,852,213,"22",20,"12","12",12,"0",1
24998,1053,8,51,"7",16,"13","13",13,"0",1
24999,1053,841,51,"99",17,"14","14",14,"0",11
25000,1053,20,117,"5",0,"15","15",15,"0",6
25001,1053,854,210,"47",18,"16","16",16,"0",12
25002,1053,853,210,"9",19,"17","17",17,"0",12
25003,1053,822,131,"77",8,"\N","R",18,"0",4
25004,1053,847,3,"63",12,"\N","R",19,"0",4
25005,1053,849,3,"6",14,"\N","R",20,"0",4
25006,1054,1,131,"44",2,"1","1",1,"25",1
25007,1054,830,9,"33",3,"2","2",2,"18",1
25008,1054,822,131,"77",1,"3","3",3,"16",1
25009,1054,815,9,"11",4,"4","4",4,"12",1
25010,1054,846,1,"4",7,"5","5",5,"10",1
25011,1054,844,6,"16",8,"6","6",6,"8",1
25012,1054,839,214,"31",6,"7","7",7,"6",1
25013,1054,4,214,"14",13,"8","8",8,"4",1
25014,1054,817,1,"3",16,"9","9",9,"2",1
25015,1054,842,213,"10",9,"10","10",10,"1",1
25016,1054,832,6,"55",5,"11","11",11,"0",1
25017,1054,841,51,"99",12,"12","12",12,"0",11
25018,1054,20,117,"5",10,"13","13",13,"0",11
25019,1054,840,117,"18",17,"14","14",14,"0",11
25020,1054,852,213,"22",14,"15","15",15,"0",11
25021,1054,847,3,"63",11,"16","16",16,"0",11
25022,1054,854,210,"47",19,"17","17",17,"0",12
25023,1054,849,3,"6",18,"18","18",18,"0",12
25024,1054,853,210,"9",20,"19","19",19,"0",12
25025,1054,8,51,"7",15,"\N","R",20,"0",130
25026,1055,1,131,"44",1,"1","1",1,"25",1
25027,1055,830,9,"33",2,"2","2",2,"19",1
25028,1055,822,131,"77",3,"3","3",3,"15",1
25029,1055,844,6,"16",4,"4","4",4,"12",1
25030,1055,815,9,"11",8,"5","5",5,"10",1
25031,1055,817,1,"3",7,"6","6",6,"8",1
25032,1055,832,6,"55",6,"7","7",7,"6",1
25033,1055,846,1,"4",9,"8","8",8,"4",11
25034,1055,839,214,"31",5,"9","9",9,"2",11
25035,1055,842,213,"10",12,"10","10",10,"1",11
25036,1055,840,117,"18",11,"11","11",11,"0",11
25037,1055,8,51,"7",17,"12","12",12,"0",11
25038,1055,20,117,"5",13,"13","13",13,"0",11
25039,1055,847,3,"63",15,"14","14",14,"0",11
25040,1055,841,51,"99",14,"15","15",15,"0",11
25041,1055,849,3,"6",19,"16","16",16,"0",11
25042,1055,4,214,"14",10,"17","17",17,"0",11
25043,1055,854,210,"47",18,"18","18",18,"0",12
25044,1055,853,210,"9",20,"19","19",19,"0",12
25045,1055,852,213,"22",16,"\N","R",20,"0",10
25047,1056,832,6,"55",4,"2","2",2,"18",1
25046,1056,830,9,"33",2,"1","1",1,"25",1
25048,1056,846,1,"4",5,"3","3",3,"15",1
25049,1056,815,9,"11",9,"4","4",4,"12",1
25050,1056,20,117,"5",8,"5","5",5,"10",1
25051,1056,842,213,"10",6,"6","6",6,"8",1
25052,1056,1,131,"44",7,"7","7",7,"7",1
25053,1056,840,117,"18",13,"8","8",8,"4",11
25054,1056,839,214,"31",11,"9","9",9,"2",11
25055,1056,841,51,"99",10,"10","10",10,"1",11
25056,1056,8,51,"7",14,"11","11",11,"0",11
25057,1056,817,1,"3",12,"12","12",12,"0",11
25058,1056,4,214,"14",17,"13","13",13,"0",11
25059,1056,847,3,"63",15,"14","14",14,"0",11
25060,1056,849,3,"6",18,"15","15",15,"0",11
25061,1056,852,213,"22",16,"16","16",16,"0",11
25062,1056,853,210,"9",19,"17","17",17,"0",13
25063,1056,854,210,"47",20,"18","18",18,"0",13
25064,1056,822,131,"77",3,"\N","R",19,"0",61
25065,1056,844,6,"16",1,"\N","W",20,"0",30
25066,1057,815,9,"11",6,"1","1",1,"25",1
25067,1057,20,117,"5",11,"2","2",2,"18",1
25068,1057,842,213,"10",4,"3","3",3,"15",1
25069,1057,844,6,"16",1,"4","4",4,"12",1
25070,1057,846,1,"4",9,"5","5",5,"10",1
25071,1057,4,214,"14",8,"6","6",6,"8",1
25072,1057,852,213,"22",7,"7","7",7,"6",1
25073,1057,832,6,"55",5,"8","8",8,"4",1
25074,1057,817,1,"3",13,"9","9",9,"2",1
25075,1057,8,51,"7",14,"10","10",10,"1",1
25076,1057,841,51,"99",20,"11","11",11,"0",1
25077,1057,822,131,"77",10,"12","12",12,"0",1
25078,1057,854,210,"47",17,"13","13",13,"0",1
25079,1057,853,210,"9",18,"14","14",14,"0",1
25080,1057,1,131,"44",2,"15","15",15,"0",1
25081,1057,849,3,"6",16,"16","16",16,"0",1
25082,1057,847,3,"63",15,"\N","R",17,"0",6
25083,1057,830,9,"33",3,"\N","R",18,"0",3
25084,1057,840,117,"18",19,"\N","R",19,"0",3
25085,1057,839,214,"31",12,"\N","R",20,"0",101
25086,1059,830,9,"33",1,"1","1",1,"26",1
25087,1059,1,131,"44",2,"2","2",2,"18",1
25088,1059,815,9,"11",4,"3","3",3,"15",1
25089,1059,822,131,"77",3,"4","4",4,"12",1
25090,1059,846,1,"4",8,"5","5",5,"10",1
25091,1059,817,1,"3",10,"6","6",6,"8",1
25092,1059,842,213,"10",6,"7","7",7,"6",1
25093,1059,4,214,"14",9,"8","8",8,"4",1
25094,1059,20,117,"5",12,"9","9",9,"2",1
25095,1059,840,117,"18",19,"10","10",10,"1",1
25096,1059,832,6,"55",5,"11","11",11,"0",1
25097,1059,847,3,"63",14,"12","12",12,"0",11
25098,1059,852,213,"22",0,"13","13",13,"0",11
25099,1059,839,214,"31",11,"14","14",14,"0",11
25100,1059,841,51,"99",13,"15","15",15,"0",11
25101,1059,844,6,"16",7,"16","16",16,"0",11
25102,1059,8,51,"7",17,"17","17",17,"0",11
25103,1059,849,3,"6",16,"18","18",18,"0",11
25104,1059,854,210,"47",15,"19","19",19,"0",11
25105,1059,853,210,"9",18,"20","20",20,"0",11
25106,1058,830,9,"33",1,"1","1",1,"25",1
25107,1058,1,131,"44",2,"2","2",2,"19",1
25108,1058,822,131,"77",5,"3","3",3,"15",1
25109,1058,815,9,"11",4,"4","4",4,"12",1
25110,1058,846,1,"4",3,"5","5",5,"10",11
25111,1058,832,6,"55",12,"6","6",6,"8",11
25112,1058,844,6,"16",7,"7","7",7,"6",11
25113,1058,840,117,"18",9,"8","8",8,"4",11
25114,1058,4,214,"14",8,"9","9",9,"2",11
25115,1058,852,213,"22",11,"10","10",10,"1",11
25116,1058,8,51,"7",18,"11","11",11,"0",11
25117,1058,20,117,"5",14,"12","12",12,"0",11
25118,1058,817,1,"3",13,"13","13",13,"0",11
25119,1058,839,214,"31",17,"14","14",14,"0",11
25120,1058,841,51,"99",15,"15","15",15,"0",11
25121,1058,854,210,"47",19,"16","16",16,"0",12
25122,1058,849,3,"6",16,"17","17",17,"0",13
25123,1058,853,210,"9",20,"18","18",18,"0",13
25124,1058,847,3,"63",10,"\N","R",19,"0",5
25125,1058,842,213,"10",6,"\N","R",20,"0",4
25126,1060,830,9,"33",1,"1","1",1,"26",1
25127,1060,822,131,"77",5,"2","2",2,"18",1
25128,1060,846,1,"4",2,"3","3",3,"15",1
25129,1060,1,131,"44",4,"4","4",4,"12",1
25130,1060,832,6,"55",10,"5","5",5,"10",1
25131,1060,815,9,"11",3,"6","6",6,"8",1
25132,1060,817,1,"3",13,"7","7",7,"6",1
25133,1060,844,6,"16",12,"8","8",8,"4",1
25134,1060,842,213,"10",6,"9","9",9,"2",1
25135,1060,4,214,"14",14,"10","10",10,"1",11
25136,1060,847,3,"63",8,"11","11",11,"0",11
25137,1060,852,213,"22",7,"12","12",12,"0",11
25138,1060,840,117,"18",9,"13","13",13,"0",11
25139,1060,841,51,"99",15,"14","14",14,"0",11
25140,1060,8,51,"7",16,"15","15",15,"0",11
25141,1060,849,3,"6",18,"16","16",16,"0",11
25142,1060,20,117,"5",11,"17","17",17,"0",4
25143,1060,854,210,"47",19,"18","18",18,"0",12
25144,1060,853,210,"9",20,"19","19",19,"0",12
25145,1060,839,214,"31",17,"\N","R",20,"0",4
25146,1061,1,131,"44",2,"1","1",1,"25",1
25147,1061,844,6,"16",4,"2","2",2,"18",1
25148,1061,822,131,"77",3,"3","3",3,"15",1
25149,1061,846,1,"4",5,"4","4",4,"12",1
25150,1061,817,1,"3",6,"5","5",5,"10",1
25151,1061,832,6,"55",10,"6","6",6,"8",1
25152,1061,4,214,"14",7,"7","7",7,"6",1
25153,1061,840,117,"18",14,"8","8",8,"4",1
25154,1061,839,214,"31",9,"9","9",9,"2",1
25155,1061,852,213,"22",16,"10","10",10,"1",1
25156,1061,842,213,"10",11,"11","11",11,"0",1
25157,1061,847,3,"63",12,"12","12",12,"0",11
25158,1061,841,51,"99",15,"13","13",13,"0",11
25159,1061,849,3,"6",17,"14","14",14,"0",11
25160,1061,8,51,"7",13,"15","15",15,"0",11
25161,1061,815,9,"11",0,"16","16",16,"0",11
25162,1061,853,210,"9",19,"17","17",17,"0",11
25163,1061,854,210,"47",18,"18","18",18,"0",11
25164,1061,20,117,"5",8,"\N","R",19,"0",31
25165,1061,830,9,"33",1,"\N","R",20,"0",4
25166,1062,839,214,"31",8,"1","1",1,"25",1
25167,1062,1,131,"44",1,"2","2",2,"18",1
25168,1062,832,6,"55",15,"3","3",3,"15",1
25169,1062,4,214,"14",9,"4","4",4,"12",1
25170,1062,842,213,"10",5,"5","5",5,"11",1
25171,1062,852,213,"22",16,"6","6",6,"8",1
25172,1062,849,3,"6",18,"7","7",7,"6",1
25173,1062,847,3,"63",17,"8","8",8,"4",1
25174,1062,830,9,"33",3,"9","9",9,"2",1
25175,1062,8,51,"7",13,"10","10",10,"1",11
25176,1062,817,1,"3",11,"11","11",11,"0",11
25177,1062,854,210,"47",20,"12","12",12,"0",11
25178,1062,841,51,"99",0,"13","13",13,"0",11
25179,1062,853,210,"9",19,"\N","R",14,"0",4
25180,1062,846,1,"4",6,"\N","R",15,"0",4
25181,1062,822,131,"77",2,"\N","R",16,"0",4
25182,1062,815,9,"11",4,"\N","R",17,"0",4
25183,1062,844,6,"16",7,"\N","R",18,"0",4
25184,1062,840,117,"18",12,"\N","R",19,"0",4
25185,1062,20,117,"5",10,"\N","D",20,"0",2
25186,1063,830,9,"33",1,"1","1",1,"12.5",1
25187,1063,847,3,"63",2,"2","2",2,"9",1
25188,1063,1,131,"44",3,"3","3",3,"7.5",1
25189,1063,817,1,"3",4,"4","4",4,"6",1
25190,1063,20,117,"5",5,"5","5",5,"5",1
25191,1063,842,213,"10",6,"6","6",6,"4",1
25192,1063,839,214,"31",8,"7","7",7,"3",1
25193,1063,844,6,"16",9,"8","8",8,"2",1
25194,1063,849,3,"6",10,"9","9",9,"1",1
25195,1063,832,6,"55",11,"10","10",10,"0.5",1
25196,1063,4,214,"14",12,"11","11",11,"0",1
25197,1063,822,131,"77",13,"12","12",12,"0",1
25198,1063,841,51,"99",14,"13","13",13,"0",1
25199,1063,846,1,"4",15,"14","14",14,"0",1
25200,1063,852,213,"22",16,"15","15",15,"0",1
25201,1063,854,210,"47",17,"16","16",16,"0",1
25202,1063,853,210,"9",18,"17","17",17,"0",1
25203,1063,8,51,"7",0,"18","18",18,"0",1
25204,1063,815,9,"11",0,"19","19",19,"0",1
25205,1063,840,117,"18",19,"20","20",20,"0",1
25206,1064,830,9,"33",1,"1","1",1,"25",1
25207,1064,1,131,"44",2,"2","2",2,"19",1
25208,1064,822,131,"77",3,"3","3",3,"15",1
25209,1064,842,213,"10",4,"4","4",4,"12",11
25210,1064,844,6,"16",5,"5","5",5,"10",11
25211,1064,4,214,"14",9,"6","6",6,"8",11
25212,1064,832,6,"55",6,"7","7",7,"6",11
25213,1064,815,9,"11",0,"8","8",8,"4",11
25214,1064,839,214,"31",8,"9","9",9,"2",11
25215,1064,846,1,"4",13,"10","10",10,"1",11
25216,1064,817,1,"3",10,"11","11",11,"0",11
25217,1064,840,117,"18",12,"12","12",12,"0",12
25218,1064,20,117,"5",15,"13","13",13,"0",12
25219,1064,841,51,"99",7,"14","14",14,"0",12
25220,1064,9,51,"88",16,"15","15",15,"0",12
25221,1064,849,3,"6",0,"16","16",16,"0",12
25222,1064,847,3,"63",11,"17","17",17,"0",6
25223,1064,854,210,"47",17,"18","18",18,"0",13
25224,1064,852,213,"22",14,"\N","R",19,"0",131
25225,1064,853,210,"9",18,"\N","R",20,"0",9
25226,1065,817,1,"3",2,"1","1",1,"26",1
25227,1065,846,1,"4",3,"2","2",2,"18",1
25228,1065,822,131,"77",19,"3","3",3,"15",1
25229,1065,844,6,"16",5,"4","4",4,"12",1
25230,1065,815,9,"11",8,"5","5",5,"10",1
25231,1065,832,6,"55",6,"6","6",6,"8",1
25232,1065,840,117,"18",9,"7","7",7,"6",1
25233,1065,4,214,"14",10,"8","8",8,"4",1
25234,1065,847,3,"63",14,"9","9",9,"2",1
25235,1065,839,214,"31",12,"10","10",10,"1",1
25236,1065,849,3,"6",13,"11","11",11,"0",1
25237,1065,20,117,"5",11,"12","12",12,"0",1
25238,1065,841,51,"99",7,"13","13",13,"0",1
25239,1065,9,51,"88",17,"14","14",14,"0",1
25240,1065,854,210,"47",18,"15","15",15,"0",1
25241,1065,853,210,"9",16,"\N","R",16,"0",131
25242,1065,1,131,"44",4,"\N","R",17,"0",4
25243,1065,830,9,"33",1,"\N","R",18,"0",4
25244,1065,842,213,"10",0,"\N","R",19,"0",22
25245,1065,852,213,"22",0,"\N","W",20,"0",23
25246,1066,1,131,"44",4,"1","1",1,"25",1
25247,1066,830,9,"33",20,"2","2",2,"18",1
25248,1066,832,6,"55",2,"3","3",3,"15",1
25249,1066,817,1,"3",5,"4","4",4,"12",1
25250,1066,822,131,"77",16,"5","5",5,"10",1
25251,1066,4,214,"14",6,"6","6",6,"8",1
25252,1066,846,1,"4",1,"7","7",7,"7",1
25253,1066,8,51,"7",13,"8","8",8,"4",1
25254,1066,815,9,"11",8,"9","9",9,"2",1
25255,1066,847,3,"63",3,"10","10",10,"1",1
25256,1066,840,117,"18",7,"11","11",11,"0",1
25257,1066,20,117,"5",10,"12","12",12,"0",11
25258,1066,842,213,"10",11,"13","13",13,"0",11
25259,1066,839,214,"31",9,"14","14",14,"0",11
25260,1066,844,6,"16",19,"15","15",15,"0",11
25261,1066,841,51,"99",17,"16","16",16,"0",11
25262,1066,852,213,"22",12,"17","17",17,"0",11
25263,1066,853,210,"9",15,"18","18",18,"0",12
25264,1066,849,3,"6",18,"19","19",19,"0",3
25265,1066,854,210,"47",14,"\N","R",20,"0",44
25266,1067,822,131,"77",1,"1","1",1,"26",1
25267,1067,830,9,"33",2,"2","2",2,"18",1
25268,1067,815,9,"11",6,"3","3",3,"15",1
25269,1067,844,6,"16",3,"4","4",4,"12",1
25270,1067,1,131,"44",11,"5","5",5,"10",1
25271,1067,842,213,"10",4,"6","6",6,"8",1
25272,1067,846,1,"4",7,"7","7",7,"6",1
25273,1067,832,6,"55",19,"8","8",8,"4",1
25274,1067,840,117,"18",8,"9","9",9,"2",1
25275,1067,839,214,"31",12,"10","10",10,"1",11
25276,1067,841,51,"99",16,"11","11",11,"0",11
25277,1067,8,51,"7",17,"12","12",12,"0",11
25278,1067,817,1,"3",20,"13","13",13,"0",11
25279,1067,852,213,"22",9,"14","14",14,"0",11
25280,1067,847,3,"63",13,"15","15",15,"0",11
25281,1067,4,214,"14",5,"16","16",16,"0",11
25282,1067,849,3,"6",15,"17","17",17,"0",11
25283,1067,20,117,"5",10,"18","18",18,"0",11
25284,1067,854,210,"47",14,"19","19",19,"0",12
25285,1067,853,210,"9",18,"20","20",20,"0",12
25286,1069,830,9,"33",1,"1","1",1,"25",1
25287,1069,1,131,"44",2,"2","2",2,"19",1
25288,1069,815,9,"11",3,"3","3",3,"15",1
25289,1069,844,6,"16",4,"4","4",4,"12",1
25290,1069,817,1,"3",6,"5","5",5,"10",1
25291,1069,822,131,"77",9,"6","6",6,"8",1
25292,1069,832,6,"55",5,"7","7",7,"6",1
25293,1069,846,1,"4",7,"8","8",8,"4",1
25294,1069,852,213,"22",10,"9","9",9,"2",11
25295,1069,20,117,"5",18,"10","10",10,"1",11
25296,1069,841,51,"99",12,"11","11",11,"0",11
25297,1069,840,117,"18",13,"12","12",12,"0",11
25298,1069,8,51,"7",15,"13","13",13,"0",11
25299,1069,847,3,"63",20,"14","14",14,"0",11
25300,1069,849,3,"6",14,"15","15",15,"0",11
25301,1069,854,210,"47",16,"16","16",16,"0",12
25302,1069,853,210,"9",17,"17","17",17,"0",12
25303,1069,4,214,"14",19,"\N","R",18,"0",65
25304,1069,839,214,"31",11,"\N","R",19,"0",26
25305,1069,842,213,"10",8,"\N","R",20,"0",22
25306,1070,830,9,"33",3,"1","1",1,"25",1
25307,1070,1,131,"44",2,"2","2",2,"18",1
25308,1070,815,9,"11",4,"3","3",3,"15",1
25309,1070,842,213,"10",5,"4","4",4,"12",1
25310,1070,844,6,"16",8,"5","5",5,"10",1
25311,1070,832,6,"55",6,"6","6",6,"8",11
25312,1070,20,117,"5",9,"7","7",7,"6",11
25313,1070,8,51,"7",10,"8","8",8,"4",11
25314,1070,4,214,"14",12,"9","9",9,"2",11
25315,1070,846,1,"4",18,"10","10",10,"1",11
25316,1070,841,51,"99",11,"11","11",11,"0",11
25317,1070,817,1,"3",7,"12","12",12,"0",11
25318,1070,839,214,"31",19,"13","13",13,"0",11
25319,1070,840,117,"18",20,"14","14",14,"0",12
25320,1070,822,131,"77",1,"15","15",15,"0",12
25321,1070,847,3,"63",16,"16","16",16,"0",12
25322,1070,849,3,"6",13,"17","17",17,"0",12
25323,1070,853,210,"9",15,"18","18",18,"0",13
25324,1070,854,210,"47",14,"\N","R",19,"0",4
25325,1070,852,213,"22",17,"\N","R",20,"0",4
25326,1071,1,131,"44",10,"1","1",1,"25",1
25327,1071,830,9,"33",2,"2","2",2,"18",1
25328,1071,822,131,"77",1,"3","3",3,"15",1
25329,1071,815,9,"11",4,"4","4",4,"13",1
25330,1071,844,6,"16",6,"5","5",5,"10",1
25331,1071,832,6,"55",3,"6","6",6,"8",1
25332,1071,842,213,"10",7,"7","7",7,"6",11
25333,1071,839,214,"31",8,"8","8",8,"4",11
25334,1071,4,214,"14",12,"9","9",9,"2",11
25335,1071,846,1,"4",5,"10","10",10,"1",11
25336,1071,20,117,"5",9,"11","11",11,"0",11
25337,1071,8,51,"7",0,"12","12",12,"0",11
25338,1071,847,3,"63",17,"13","13",13,"0",11
25339,1071,841,51,"99",13,"14","14",14,"0",11
25340,1071,852,213,"22",15,"15","15",15,"0",11
25341,1071,849,3,"6",16,"16","16",16,"0",11
25342,1071,853,210,"9",19,"17","17",17,"0",12
25343,1071,854,210,"47",18,"18","18",18,"0",12
25344,1071,817,1,"3",11,"\N","R",19,"0",75
25345,1071,840,117,"18",14,"\N","R",20,"0",130
25346,1051,1,131,"44",1,"1","1",1,"25",1
25347,1051,830,9,"33",7,"2","2",2,"19",1
25348,1051,4,214,"14",3,"3","3",3,"15",1
25349,1051,815,9,"11",11,"4","4",4,"12",1
25350,1051,839,214,"31",9,"5","5",5,"10",1
25351,1051,840,117,"18",12,"6","6",6,"8",1
25352,1051,832,6,"55",5,"7","7",7,"6",1
25353,1051,844,6,"16",13,"8","8",8,"4",1
25354,1051,846,1,"4",4,"9","9",9,"2",11
25355,1051,20,117,"5",10,"10","10",10,"1",11
25356,1051,842,213,"10",2,"11","11",11,"0",11
25357,1051,817,1,"3",14,"12","12",12,"0",11
25358,1051,852,213,"22",8,"13","13",13,"0",11
25359,1051,8,51,"7",16,"14","14",14,"0",11
25360,1051,841,51,"99",18,"15","15",15,"0",11
25361,1051,854,210,"47",19,"16","16",16,"0",11
25362,1051,847,3,"63",15,"17","17",17,"0",12
25363,1051,853,210,"9",20,"18","18",18,"0",12
25364,1051,849,3,"6",17,"\N","R",19,"0",29
25365,1051,822,131,"77",6,"\N","R",20,"0",137
25366,1072,1,131,"44",1,"1","1",1,"26",1
25367,1072,830,9,"33",3,"2","2",2,"18",1
25368,1072,822,131,"77",2,"3","3",3,"15",1
25369,1072,839,214,"31",9,"4","4",4,"12",1
25370,1072,817,1,"3",11,"5","5",5,"10",1
25371,1072,842,213,"10",6,"6","6",6,"8",1
25372,1072,844,6,"16",4,"7","7",7,"6",1
25373,1072,832,6,"55",15,"8","8",8,"4",1
25374,1072,841,51,"99",10,"9","9",9,"2",1
25375,1072,846,1,"4",7,"10","10",10,"1",1
25376,1072,840,117,"18",18,"11","11",11,"0",1
25377,1072,849,3,"6",16,"12","12",12,"0",1
25378,1072,4,214,"14",13,"13","13",13,"0",11
25379,1072,852,213,"22",8,"14","14",14,"0",11
25380,1072,8,51,"7",12,"15","15",15,"0",11
25381,1072,20,117,"5",17,"\N","R",16,"0",130
25382,1072,815,9,"11",5,"\N","R",17,"0",4
25383,1072,853,210,"9",20,"\N","R",18,"0",4
25384,1072,847,3,"63",14,"\N","R",19,"0",4
25385,1072,854,210,"47",19,"\N","R",20,"0",3
25386,1073,830,9,"33",1,"1","1",1,"26",1
25387,1073,1,131,"44",2,"2","2",2,"18",1
25388,1073,832,6,"55",5,"3","3",3,"15",1
25389,1073,852,213,"22",8,"4","4",4,"12",1
25390,1073,842,213,"10",12,"5","5",5,"10",1
25391,1073,822,131,"77",6,"6","6",6,"8",1
25392,1073,846,1,"4",3,"7","7",7,"6",1
25393,1073,4,214,"14",11,"8","8",8,"4",1
25394,1073,839,214,"31",9,"9","9",9,"2",1
25395,1073,844,6,"16",7,"10","10",10,"1",1
25396,1073,20,117,"5",15,"11","11",11,"0",1
25397,1073,817,1,"3",10,"12","12",12,"0",11
25398,1073,840,117,"18",13,"13","13",13,"0",11
25399,1073,854,210,"47",19,"14","14",14,"0",11
25400,1073,815,9,"11",4,"15","15",15,"0",5
25401,1073,849,3,"6",16,"\N","R",16,"0",3
25402,1073,841,51,"99",14,"\N","R",17,"0",6
25403,1073,847,3,"63",17,"\N","R",18,"0",6
25404,1073,8,51,"7",18,"\N","R",19,"0",23
25405,1073,853,210,"9",20,"\N","W",20,"0",139
25406,1074,844,6,"16",1,"1","1",1,"26",1
25407,1074,832,6,"55",3,"2","2",2,"18",1
25408,1074,1,131,"44",5,"3","3",3,"15",1
25409,1074,847,131,"63",9,"4","4",4,"12",1
25410,1074,825,210,"20",7,"5","5",5,"10",1
25411,1074,822,51,"77",6,"6","6",6,"8",1
25412,1074,839,214,"31",11,"7","7",7,"6",1
25413,1074,852,213,"22",16,"8","8",8,"4",1
25414,1074,4,214,"14",8,"9","9",9,"2",1
25415,1074,855,51,"24",15,"10","10",10,"1",1
25416,1074,854,210,"47",12,"11","11",11,"0",1
25417,1074,840,117,"18",19,"12","12",12,"0",1
25418,1074,848,3,"23",14,"13","13",13,"0",1
25419,1074,817,1,"3",18,"14","14",14,"0",1
25420,1074,846,1,"4",13,"15","15",15,"0",1
25421,1074,849,3,"6",20,"16","16",16,"0",1
25422,1074,807,117,"27",17,"17","17",17,"0",1
25423,1074,815,9,"11",4,"18","18",18,"0",32
25424,1074,830,9,"1",2,"19","19",19,"0",32
25425,1074,842,213,"10",10,"\N","R",20,"0",131
25426,1075,830,9,"1",4,"1","1",1,"25",1
25427,1075,844,6,"16",2,"2","2",2,"19",1
25428,1075,832,6,"55",3,"3","3",3,"15",1
25429,1075,815,9,"11",1,"4","4",4,"12",1
25430,1075,847,131,"63",6,"5","5",5,"10",1
25431,1075,839,214,"31",5,"6","6",6,"8",1
25432,1075,846,1,"4",11,"7","7",7,"6",1
25433,1075,842,213,"10",9,"8","8",8,"4",1
25434,1075,825,210,"20",10,"9","9",9,"2",1
25435,1075,1,131,"44",15,"10","10",10,"1",1
25436,1075,855,51,"24",12,"11","11",11,"0",1
25437,1075,807,117,"27",17,"12","12",12,"0",1
25438,1075,840,117,"18",13,"13","13",13,"0",11
25439,1075,848,3,"23",16,"14","14",14,"0",130
25440,1075,822,51,"77",8,"\N","R",15,"0",141
25441,1075,4,214,"14",7,"\N","R",16,"0",103
25442,1075,817,1,"3",14,"\N","R",17,"0",6
25443,1075,849,3,"6",18,"\N","R",18,"0",3
25444,1075,852,213,"22",19,"\N","R",19,"0",131
25445,1075,854,210,"47",0,"\N","W",20,"0",54
25446,1076,844,6,"16",1,"1","1",1,"26",1
25447,1076,815,9,"11",3,"2","2",2,"18",1
25448,1076,847,131,"63",6,"3","3",3,"15",1
25449,1076,1,131,"44",5,"4","4",4,"12",1
25450,1076,846,1,"4",4,"5","5",5,"10",1
25451,1076,817,1,"3",7,"6","6",6,"8",1
25452,1076,839,214,"31",8,"7","7",7,"6",1
25453,1076,822,51,"77",12,"8","8",8,"4",1
25454,1076,842,213,"10",11,"9","9",9,"2",1
25455,1076,848,3,"23",20,"10","10",10,"1",1
25456,1076,855,51,"24",14,"11","11",11,"0",1
25457,1076,840,117,"18",19,"12","12",12,"0",1
25458,1076,854,210,"47",15,"13","13",13,"0",11
25459,1076,825,210,"20",16,"14","14",14,"0",11
25460,1076,852,213,"22",13,"15","15",15,"0",11
25461,1076,849,3,"6",18,"16","16",16,"0",11
25462,1076,4,214,"14",10,"17","17",17,"0",11
25463,1076,830,9,"1",2,"\N","R",18,"0",95
25464,1076,20,117,"5",17,"\N","R",19,"0",3
25465,1076,832,6,"55",9,"\N","R",20,"0",20
25466,1077,830,9,"1",1,"1","1",1,"26",1
25467,1077,815,9,"11",3,"2","2",2,"18",1
25468,1077,846,1,"4",5,"3","3",3,"15",1
25469,1077,847,131,"63",11,"4","4",4,"12",1
25470,1077,822,51,"77",7,"5","5",5,"10",1
25471,1077,844,6,"16",2,"6","6",6,"8",1
25472,1077,852,213,"22",12,"7","7",7,"6",1
25473,1077,20,117,"5",13,"8","8",8,"4",1
25474,1077,825,210,"20",8,"9","9",9,"2",1
25475,1077,840,117,"18",15,"10","10",10,"1",11
25476,1077,848,3,"23",18,"11","11",11,"0",11
25477,1077,842,213,"10",17,"12","12",12,"0",11
25478,1077,1,131,"44",14,"13","13",13,"0",11
25479,1077,839,214,"31",16,"14","14",14,"0",11
25480,1077,855,51,"24",0,"15","15",15,"0",11
25481,1077,849,3,"6",19,"16","16",16,"0",11
25482,1077,854,210,"47",10,"17","17",17,"0",11
25483,1077,817,1,"3",6,"18","18",18,"0",11
25484,1077,4,214,"14",9,"\N","R",19,"0",130
25485,1077,832,6,"55",4,"\N","R",20,"0",4
25486,1078,830,9,"1",3,"1","1",1,"26",1
25487,1078,844,6,"16",1,"2","2",2,"18",1
25488,1078,832,6,"55",2,"3","3",3,"15",1
25489,1078,815,9,"11",4,"4","4",4,"12",1
25490,1078,847,131,"63",12,"5","5",5,"10",1
25491,1078,1,131,"44",6,"6","6",6,"8",1
25492,1078,822,51,"77",5,"7","7",7,"6",1
25493,1078,839,214,"31",20,"8","8",8,"4",1
25494,1078,848,3,"23",18,"9","9",9,"2",1
25495,1078,840,117,"18",0,"10","10",10,"1",1
25496,1078,4,214,"14",11,"11","11",11,"0",1
25497,1078,852,213,"22",9,"12","12",12,"0",1
25498,1078,817,1,"3",14,"13","13",13,"0",1
25499,1078,849,3,"6",19,"14","14",14,"0",1
25500,1078,854,210,"47",15,"15","15",15,"0",1
25501,1078,825,210,"20",16,"16","16",16,"0",33
25502,1078,20,117,"5",0,"17","17",17,"0",4
25503,1078,842,213,"10",7,"\N","R",18,"0",22
25504,1078,846,1,"4",8,"\N","R",19,"0",4
25505,1078,855,51,"24",17,"\N","R",20,"0",47
25506,1079,830,9,"1",2,"1","1",1,"25",1
25507,1079,815,9,"11",5,"2","2",2,"19",1
25508,1079,847,131,"63",4,"3","3",3,"15",1
25509,1079,832,6,"55",3,"4","4",4,"12",1
25510,1079,1,131,"44",6,"5","5",5,"10",1
25511,1079,822,51,"77",7,"6","6",6,"8",1
25512,1079,839,214,"31",12,"7","7",7,"6",1
25513,1079,846,1,"4",11,"8","8",8,"4",1
25514,1079,4,214,"14",20,"9","9",9,"2",11
25515,1079,852,213,"22",13,"10","10",10,"1",11
25516,1079,20,117,"5",16,"11","11",11,"0",11
25517,1079,817,1,"3",9,"12","12",12,"0",11
25518,1079,842,213,"10",14,"13","13",13,"0",11
25519,1079,854,210,"47",10,"14","14",14,"0",11
25520,1079,840,117,"18",17,"15","15",15,"0",11
25521,1079,849,3,"6",19,"16","16",16,"0",12
25522,1079,825,210,"20",8,"17","17",17,"0",12
25523,1079,848,3,"23",18,"18","18",18,"0",12
25524,1079,855,51,"24",15,"\N","R",19,"0",75
25525,1079,844,6,"16",1,"\N","R",20,"0",101
25526,1080,815,9,"11",3,"1","1",1,"25",1
25527,1080,832,6,"55",2,"2","2",2,"18",1
25528,1080,830,9,"1",4,"3","3",3,"15",1
25529,1080,844,6,"16",1,"4","4",4,"12",1
25530,1080,847,131,"63",6,"5","5",5,"10",1
25531,1080,846,1,"4",5,"6","6",6,"9",1
25532,1080,4,214,"14",7,"7","7",7,"6",1
25533,1080,1,131,"44",8,"8","8",8,"4",1
25534,1080,822,51,"77",12,"9","9",9,"2",1
25535,1080,20,117,"5",9,"10","10",10,"1",1
25536,1080,842,213,"10",17,"11","11",11,"0",1
25537,1080,839,214,"31",10,"12","12",12,"0",1
25538,1080,817,1,"3",14,"13","13",13,"0",1
25539,1080,840,117,"18",18,"14","14",14,"0",1
25540,1080,849,3,"6",19,"15","15",15,"0",11
25541,1080,855,51,"24",20,"16","16",16,"0",11
25542,1080,852,213,"22",11,"17","17",17,"0",11
25543,1080,848,3,"23",16,"\N","R",18,"0",26
25544,1080,854,210,"47",15,"\N","R",19,"0",3
25545,1080,825,210,"20",13,"\N","R",20,"0",34
25546,1081,830,9,"1",3,"1","1",1,"25",1
25547,1081,815,9,"11",2,"2","2",2,"19",1
25548,1081,847,131,"63",5,"3","3",3,"15",1
25549,1081,1,131,"44",7,"4","4",4,"12",1
25550,1081,842,213,"10",6,"5","5",5,"10",1
25551,1081,20,117,"5",9,"6","6",6,"8",1
25552,1081,4,214,"14",10,"7","7",7,"6",1
25553,1081,817,1,"3",12,"8","8",8,"4",1
25554,1081,846,1,"4",11,"9","9",9,"2",1
25555,1081,839,214,"31",13,"10","10",10,"1",1
25556,1081,822,51,"77",15,"11","11",11,"0",11
25557,1081,848,3,"23",17,"12","12",12,"0",11
25558,1081,852,213,"22",8,"13","13",13,"0",11
25559,1081,854,210,"47",20,"14","14",14,"0",11
25560,1081,849,3,"6",18,"15","15",15,"0",11
25561,1081,840,117,"18",19,"16","16",16,"0",76
25562,1081,825,210,"20",16,"\N","R",17,"0",131
25563,1081,855,51,"24",14,"\N","R",18,"0",9
25564,1081,844,6,"16",1,"\N","R",19,"0",131
25565,1081,832,6,"55",4,"\N","R",20,"0",9
25566,1082,830,9,"1",1,"1","1",1,"25",1
25567,1082,832,6,"55",3,"2","2",2,"19",1
25568,1082,1,131,"44",4,"3","3",3,"15",1
25569,1082,847,131,"63",8,"4","4",4,"12",1
25570,1082,844,6,"16",19,"5","5",5,"10",1
25571,1082,839,214,"31",7,"6","6",6,"8",1
25572,1082,822,51,"77",11,"7","7",7,"6",1
25573,1082,855,51,"24",10,"8","8",8,"4",1
25574,1082,4,214,"14",2,"9","9",9,"2",1
25575,1082,840,117,"18",17,"10","10",10,"1",1
25576,1082,817,1,"3",9,"11","11",11,"0",1
25577,1082,20,117,"5",16,"12","12",12,"0",1
25578,1082,848,3,"23",12,"13","13",13,"0",1
25579,1082,842,213,"10",15,"14","14",14,"0",1
25580,1082,846,1,"4",14,"15","15",15,"0",1
25581,1082,849,3,"6",18,"16","16",16,"0",1
25582,1082,825,210,"20",5,"17","17",17,"0",1
25583,1082,852,213,"22",20,"\N","R",18,"0",3
25584,1082,854,210,"47",6,"\N","R",19,"0",5
25585,1082,815,9,"11",13,"\N","R",20,"0",6
25586,1083,832,6,"55",1,"1","1",1,"25",1
25587,1083,815,9,"11",4,"2","2",2,"18",1
25588,1083,1,131,"44",5,"3","3",3,"16",1
25589,1083,844,6,"16",3,"4","4",4,"12",1
25590,1083,4,214,"14",7,"5","5",5,"10",1
25591,1083,846,1,"4",6,"6","6",6,"8",1
25592,1083,830,9,"1",2,"7","7",7,"6",1
25593,1083,854,210,"47",19,"8","8",8,"4",1
25594,1083,20,117,"5",18,"9","9",9,"2",1
25595,1083,825,210,"20",17,"10","10",10,"1",1
25596,1083,840,117,"18",20,"11","11",11,"0",1
25597,1083,849,3,"6",10,"12","12",12,"0",1
25598,1083,817,1,"3",14,"13","13",13,"0",1
25599,1083,852,213,"22",13,"14","14",14,"0",1
25600,1083,839,214,"31",15,"\N","R",15,"0",48
25601,1083,842,213,"10",11,"\N","R",16,"0",130
25602,1083,822,51,"77",12,"\N","R",17,"0",6
25603,1083,847,131,"63",8,"\N","R",18,"0",4
25604,1083,855,51,"24",9,"\N","R",19,"0",4
25605,1083,848,3,"23",16,"\N","R",20,"0",4
25606,1084,844,6,"16",2,"1","1",1,"25",1
25607,1084,830,9,"1",1,"2","2",2,"19",1
25608,1084,1,131,"44",8,"3","3",3,"15",1
25609,1084,847,131,"63",4,"4","4",4,"12",1
25610,1084,839,214,"31",6,"5","5",5,"10",1
25611,1084,854,210,"47",9,"6","6",6,"8",11
25612,1084,846,1,"4",10,"7","7",7,"6",11
25613,1084,825,210,"20",7,"8","8",8,"4",11
25614,1084,817,1,"3",11,"9","9",9,"2",11
25615,1084,4,214,"14",19,"10","10",10,"1",11
25616,1084,822,51,"77",0,"11","11",11,"0",11
25617,1084,848,3,"23",15,"12","12",12,"0",11
25618,1084,840,117,"18",12,"13","13",13,"0",11
25619,1084,855,51,"24",13,"14","14",14,"0",11
25620,1084,842,213,"10",14,"15","15",15,"0",11
25621,1084,852,213,"22",16,"16","16",16,"0",11
25622,1084,20,117,"5",18,"17","17",17,"0",11
25623,1084,832,6,"55",3,"\N","R",18,"0",131
25624,1084,849,3,"6",17,"\N","R",19,"0",140
25625,1084,815,9,"11",5,"\N","R",20,"0",130
25626,1085,830,9,"1",2,"1","1",1,"25",1
25627,1085,1,131,"44",4,"2","2",2,"18",1
25628,1085,847,131,"63",6,"3","3",3,"15",1
25629,1085,815,9,"11",3,"4","4",4,"12",1
25630,1085,832,6,"55",19,"5","5",5,"11",1
25631,1085,4,214,"14",7,"6","6",6,"8",1
25632,1085,846,1,"4",5,"7","7",7,"6",1
25633,1085,839,214,"31",10,"8","8",8,"4",1
25634,1085,817,1,"3",9,"9","9",9,"2",1
25635,1085,840,117,"18",15,"10","10",10,"1",1
25636,1085,20,117,"5",12,"11","11",11,"0",1
25637,1085,842,213,"10",14,"12","12",12,"0",1
25638,1085,848,3,"23",13,"13","13",13,"0",1
25639,1085,822,51,"77",11,"14","14",14,"0",1
25640,1085,854,210,"47",17,"15","15",15,"0",1
25641,1085,855,51,"24",16,"16","16",16,"0",16
25642,1085,849,3,"6",18,"\N","R",17,"0",130
25643,1085,825,210,"20",20,"\N","R",18,"0",130
25644,1085,844,6,"16",1,"\N","R",19,"0",3
25645,1085,852,213,"22",8,"\N","R",20,"0",140
25646,1086,830,9,"1",10,"1","1",1,"25",1
25647,1086,1,131,"44",7,"2","2",2,"19",1
25648,1086,847,131,"63",1,"3","3",3,"15",1
25649,1086,832,6,"55",2,"4","4",4,"12",1
25650,1086,815,9,"11",11,"5","5",5,"10",1
25651,1086,844,6,"16",3,"6","6",6,"8",1
25652,1086,846,1,"4",4,"7","7",7,"6",1
25653,1086,4,214,"14",6,"8","8",8,"4",11
25654,1086,839,214,"31",5,"9","9",9,"2",11
25655,1086,20,117,"5",18,"10","10",10,"1",11
25656,1086,840,117,"18",14,"11","11",11,"0",11
25657,1086,842,213,"10",0,"12","12",12,"0",11
25658,1086,855,51,"24",12,"13","13",13,"0",11
25659,1086,854,210,"47",15,"14","14",14,"0",11
25660,1086,817,1,"3",9,"15","15",15,"0",11
25661,1086,825,210,"20",13,"16","16",16,"0",11
25662,1086,848,3,"23",17,"17","17",17,"0",11
25663,1086,849,3,"6",19,"18","18",18,"0",11
25664,1086,852,213,"22",16,"19","19",19,"0",12
25665,1086,822,51,"77",8,"20","20",20,"0",131
25666,1087,830,9,"1",14,"1","1",1,"26",1
25667,1087,815,9,"11",2,"2","2",2,"18",1
25668,1087,832,6,"55",1,"3","3",3,"15",1
25669,1087,847,131,"63",5,"4","4",4,"12",1
25670,1087,4,214,"14",3,"5","5",5,"10",1
25671,1087,844,6,"16",15,"6","6",6,"8",1
25672,1087,839,214,"31",16,"7","7",7,"6",1
25673,1087,20,117,"5",10,"8","8",8,"4",1
25674,1087,842,213,"10",0,"9","9",9,"2",1
25675,1087,848,3,"23",6,"10","10",10,"1",1
25676,1087,840,117,"18",9,"11","11",11,"0",1
25677,1087,846,1,"4",17,"12","12",12,"0",1
25678,1087,852,213,"22",0,"13","13",13,"0",1
25679,1087,855,51,"24",18,"14","14",14,"0",1
25680,1087,817,1,"3",7,"15","15",15,"0",1
25681,1087,825,210,"20",12,"16","16",16,"0",11
25682,1087,854,210,"47",19,"17","17",17,"0",11
25683,1087,849,3,"6",11,"18","18",18,"0",11
25684,1087,822,51,"77",13,"\N","R",19,"0",3
25685,1087,1,131,"44",4,"\N","R",20,"0",130
25686,1088,830,9,"1",1,"1","1",1,"26",1
25687,1088,847,131,"63",6,"2","2",2,"18",1
25688,1088,844,6,"16",2,"3","3",3,"15",1
25689,1088,1,131,"44",4,"4","4",4,"12",1
25690,1088,815,9,"11",5,"5","5",5,"10",1
25691,1088,4,214,"14",13,"6","6",6,"8",1
25692,1088,846,1,"4",7,"7","7",7,"6",1
25693,1088,832,6,"55",3,"8","8",8,"4",1
25694,1088,839,214,"31",12,"9","9",9,"2",1
25695,1088,840,117,"18",10,"10","10",10,"1",1
25696,1088,842,213,"10",11,"11","11",11,"0",1
25697,1088,848,3,"23",15,"12","12",12,"0",1
25698,1088,854,210,"47",8,"13","13",13,"0",1
25699,1088,20,117,"5",19,"14","14",14,"0",1
25700,1088,825,210,"20",18,"15","15",15,"0",1
25701,1088,855,51,"24",14,"16","16",16,"0",1
25702,1088,817,1,"3",17,"17","17",17,"0",1
25703,1088,849,3,"6",20,"18","18",18,"0",11
25704,1088,822,51,"77",16,"\N","R",19,"0",5
25705,1088,852,213,"22",9,"\N","R",20,"0",24
25706,1089,830,9,"1",7,"1","1",1,"25",1
25707,1089,844,6,"16",1,"2","2",2,"18",1
25708,1089,847,131,"63",2,"3","3",3,"15",1
25709,1089,832,6,"55",18,"4","4",4,"12",1
25710,1089,1,131,"44",19,"5","5",5,"10",1
25711,1089,815,9,"11",13,"6","6",6,"9",1
25712,1089,846,1,"4",3,"7","7",7,"6",1
25713,1089,842,213,"10",5,"8","8",8,"4",1
25714,1089,856,3,"45",8,"9","9",9,"2",1
25715,1089,855,51,"24",9,"10","10",10,"1",1
25716,1089,839,214,"31",14,"11","11",11,"0",1
25717,1089,854,210,"47",17,"12","12",12,"0",1
25718,1089,822,51,"77",15,"13","13",13,"0",11
25719,1089,852,213,"22",20,"14","14",14,"0",11
25720,1089,849,3,"6",10,"15","15",15,"0",11
25721,1089,825,210,"20",16,"16","16",16,"0",11
25722,1089,817,1,"3",4,"\N","R",17,"0",44
25723,1089,840,117,"18",12,"\N","R",18,"0",5
25724,1089,4,214,"14",6,"\N","R",19,"0",34
25725,1089,20,117,"5",11,"\N","R",20,"0",5
25726,1091,815,9,"11",2,"1","1",1,"25",1
25727,1091,844,6,"16",1,"2","2",2,"18",1
25728,1091,832,6,"55",4,"3","3",3,"15",1
25729,1091,846,1,"4",6,"4","4",4,"12",1
25730,1091,817,1,"3",16,"5","5",5,"10",1
25731,1091,840,117,"18",11,"6","6",6,"8",1
25732,1091,830,9,"1",8,"7","7",7,"6",1
25733,1091,20,117,"5",13,"8","8",8,"4",1
25734,1091,1,131,"44",3,"9","9",9,"2",1
25735,1091,842,213,"10",7,"10","10",10,"1",1
25736,1091,822,51,"77",15,"11","11",11,"0",1
25737,1091,825,210,"20",9,"12","12",12,"0",1
25738,1091,854,210,"47",12,"13","13",13,"0",11
25739,1091,847,131,"63",0,"14","14",14,"0",12
25740,1091,852,213,"22",10,"\N","R",15,"0",3
25741,1091,839,214,"31",17,"\N","R",16,"0",5
25742,1091,848,3,"23",18,"\N","R",17,"0",130
25743,1091,4,214,"14",5,"\N","R",18,"0",5
25744,1091,849,3,"6",19,"\N","R",19,"0",130
25745,1091,855,51,"24",14,"\N","R",20,"0",4
25746,1092,830,9,"1",1,"1","1",1,"25",1
25747,1092,815,9,"11",4,"2","2",2,"18",1
25748,1092,844,6,"16",2,"3","3",3,"15",1
25749,1092,839,214,"31",5,"4","4",4,"12",1
25750,1092,1,131,"44",6,"5","5",5,"10",1
25751,1092,20,117,"5",9,"6","6",6,"8",1
25752,1092,4,214,"14",7,"7","7",7,"6",1
25753,1092,847,131,"63",8,"8","8",8,"4",1
25754,1092,849,3,"6",20,"9","9",9,"2",1
25755,1092,846,1,"4",10,"10","10",10,"1",1
25756,1092,817,1,"3",11,"11","11",11,"0",1
25757,1092,840,117,"18",19,"12","12",12,"0",1
25758,1092,852,213,"22",13,"13","13",13,"0",1
25759,1092,825,210,"20",18,"14","14",14,"0",1
25760,1092,822,51,"77",12,"15","15",15,"0",1
25761,1092,855,51,"24",14,"16","16",16,"0",1
25762,1092,854,210,"47",15,"17","17",17,"0",1
25763,1092,842,213,"10",17,"18","18",18,"0",1
25764,1092,832,6,"55",3,"\N","R",19,"0",3
25765,1092,848,3,"23",16,"\N","R",20,"0",9
25766,1093,830,9,"1",2,"1","1",1,"25",1
25767,1093,1,131,"44",3,"2","2",2,"18",1
25768,1093,844,6,"16",12,"3","3",3,"15",1
25769,1093,815,9,"11",9,"4","4",4,"12",1
25770,1093,847,131,"63",4,"5","5",5,"11",1
25771,1093,846,1,"4",6,"6","6",6,"8",1
25772,1093,4,214,"14",14,"7","7",7,"6",1
25773,1093,20,117,"5",10,"8","8",8,"4",1
25774,1093,825,210,"20",13,"9","9",9,"2",1
25775,1093,852,213,"22",19,"10","10",10,"1",1
25776,1093,839,214,"31",0,"11","11",11,"0",1
25777,1093,855,51,"24",18,"12","12",12,"0",1
25778,1093,848,3,"23",8,"13","13",13,"0",1
25779,1093,842,213,"10",11,"14","14",14,"0",1
25780,1093,854,210,"47",16,"15","15",15,"0",1
25781,1093,817,1,"3",15,"16","16",16,"0",1
25782,1093,849,3,"6",17,"17","17",17,"0",1
25783,1093,840,117,"18",5,"\N","R",18,"0",4
25784,1093,822,51,"77",7,"\N","R",19,"0",20
25785,1093,832,6,"55",1,"\N","R",20,"0",130
25786,1094,830,9,"1",1,"1","1",1,"25",1
25787,1094,1,131,"44",3,"2","2",2,"18",1
25788,1094,815,9,"11",4,"3","3",3,"15",1
25789,1094,847,131,"63",2,"4","4",4,"13",1
25790,1094,832,6,"55",5,"5","5",5,"10",1
25791,1094,844,6,"16",7,"6","6",6,"8",1
25792,1094,817,1,"3",11,"7","7",7,"6",11
25793,1094,839,214,"31",10,"8","8",8,"4",11
25794,1094,846,1,"4",8,"9","9",9,"2",11
25795,1094,822,51,"77",6,"10","10",10,"1",11
25796,1094,842,213,"10",14,"11","11",11,"0",11
25797,1094,848,3,"23",17,"12","12",12,"0",11
25798,1094,855,51,"24",12,"13","13",13,"0",11
25799,1094,20,117,"5",16,"14","14",14,"0",11
25800,1094,840,117,"18",20,"15","15",15,"0",11
25801,1094,854,210,"47",15,"16","16",16,"0",11
25802,1094,825,210,"20",19,"17","17",17,"0",11
25803,1094,849,3,"6",18,"18","18",18,"0",12
25804,1094,4,214,"14",9,"19","19",19,"0",5
25805,1094,852,213,"22",13,"\N","R",20,"0",130
25806,1095,847,131,"63",1,"1","1",1,"26",1
25807,1095,1,131,"44",2,"2","2",2,"18",1
25808,1095,832,6,"55",7,"3","3",3,"15",1
25809,1095,844,6,"16",5,"4","4",4,"12",1
25810,1095,4,214,"14",17,"5","5",5,"10",1
25811,1095,830,9,"1",3,"6","6",6,"8",1
25812,1095,815,9,"11",4,"7","7",7,"6",1
25813,1095,839,214,"31",16,"8","8",8,"4",1
25814,1095,822,51,"77",14,"9","9",9,"2",1
25815,1095,840,117,"18",15,"10","10",10,"1",1
25816,1095,20,117,"5",9,"11","11",11,"0",1
25817,1095,855,51,"24",13,"12","12",12,"0",1
25818,1095,854,210,"47",12,"13","13",13,"0",1
25819,1095,842,213,"10",10,"14","14",14,"0",1
25820,1095,848,3,"23",19,"15","15",15,"0",1
25821,1095,849,3,"6",18,"16","16",16,"0",1
25822,1095,852,213,"22",0,"17","17",17,"0",11
25823,1095,846,1,"4",6,"\N","R",18,"0",6
25824,1095,825,210,"20",8,"\N","R",19,"0",4
25825,1095,817,1,"3",11,"\N","R",20,"0",4
25826,1096,830,9,"1",1,"1","1",1,"25",1
25827,1096,844,6,"16",3,"2","2",2,"18",1
25828,1096,815,9,"11",2,"3","3",3,"15",1
25829,1096,832,6,"55",4,"4","4",4,"12",1
25830,1096,847,131,"63",6,"5","5",5,"10",1
25831,1096,846,1,"4",7,"6","6",6,"9",1
25832,1096,839,214,"31",8,"7","7",7,"6",1
25833,1096,840,117,"18",14,"8","8",8,"4",1
25834,1096,817,1,"3",13,"9","9",9,"2",1
25835,1096,20,117,"5",9,"10","10",10,"1",1
25836,1096,852,213,"22",11,"11","11",11,"0",1
25837,1096,855,51,"24",15,"12","12",12,"0",11
25838,1096,848,3,"23",19,"13","13",13,"0",11
25839,1096,842,213,"10",17,"14","14",14,"0",11
25840,1096,822,51,"77",18,"15","15",15,"0",11
25841,1096,854,210,"47",12,"16","16",16,"0",11
25842,1096,825,210,"20",16,"17","17",17,"0",11
25843,1096,1,131,"44",5,"18","18",18,"0",9
25844,1096,849,3,"6",20,"19","19",19,"0",130
25845,1096,4,214,"14",10,"\N","R",20,"0",47
25846,1098,830,9,"1",1,"1","1",1,"25",1
25847,1098,815,9,"11",2,"2","2",2,"18",1
25848,1098,4,117,"14",5,"3","3",3,"15",1
25849,1098,832,6,"55",4,"4","4",4,"12",1
25850,1098,1,131,"44",7,"5","5",5,"10",1
25851,1098,840,117,"18",8,"6","6",6,"8",1
25852,1098,847,131,"63",6,"7","7",7,"6",1
25853,1098,822,51,"77",12,"8","8",8,"4",1
25854,1098,842,214,"10",20,"9","9",9,"2",1
25855,1098,848,3,"23",15,"10","10",10,"1",1
25856,1098,852,213,"22",14,"11","11",11,"0",1
25857,1098,858,3,"2",16,"12","12",12,"0",11
25858,1098,825,210,"20",17,"13","13",13,"0",11
25859,1098,856,213,"21",19,"14","14",14,"0",11
25860,1098,807,210,"27",10,"15","15",15,"0",11
25861,1098,855,51,"24",13,"16","16",16,"0",11
25862,1098,846,1,"4",11,"17","17",17,"0",12
25863,1098,839,214,"31",9,"\N","R",18,"0",26
25864,1098,844,6,"16",3,"\N","R",19,"0",5
25865,1098,857,1,"81",18,"\N","R",20,"0",10
25866,1099,815,9,"11",1,"1","1",1,"25",1
25867,1099,830,9,"1",15,"2","2",2,"19",1
25868,1099,4,117,"14",2,"3","3",3,"15",1
25869,1099,847,131,"63",3,"4","4",4,"12",1
25870,1099,1,131,"44",7,"5","5",5,"10",1
25871,1099,832,6,"55",4,"6","6",6,"8",1
25872,1099,844,6,"16",12,"7","7",7,"6",1
25873,1099,839,214,"31",6,"8","8",8,"4",1
25874,1099,842,214,"10",9,"9","9",9,"2",1
25875,1099,825,210,"20",13,"10","10",10,"1",1
25876,1099,852,213,"22",16,"11","11",11,"0",1
25877,1099,807,210,"27",10,"12","12",12,"0",1
25878,1099,855,51,"24",11,"13","13",13,"0",1
25879,1099,856,213,"21",18,"14","14",14,"0",1
25880,1099,857,1,"81",8,"15","15",15,"0",1
25881,1099,858,3,"2",20,"16","16",16,"0",1
25882,1099,846,1,"4",19,"17","17",17,"0",1
25883,1099,822,51,"77",14,"18","18",18,"0",11
25884,1099,848,3,"23",17,"\N","R",19,"0",23
25885,1099,840,117,"18",5,"\N","R",20,"0",5
25886,1100,830,9,"1",1,"1","1",1,"25",1
25887,1100,1,131,"44",3,"2","2",2,"18",1
25888,1100,4,117,"14",4,"3","3",3,"15",1
25889,1100,840,117,"18",6,"4","4",4,"12",1
25890,1100,815,9,"11",0,"5","5",5,"11",1
25891,1100,846,1,"4",13,"6","6",6,"8",1
25892,1100,807,210,"27",10,"7","7",7,"6",1
25893,1100,857,1,"81",16,"8","8",8,"4",1
25894,1100,855,51,"24",17,"9","9",9,"2",1
25895,1100,852,213,"22",12,"10","10",10,"1",1
25896,1100,822,51,"77",0,"11","11",11,"0",1
25897,1100,832,6,"55",5,"12","12",12,"0",1
25898,1100,842,214,"10",9,"13","13",13,"0",4
25899,1100,839,214,"31",11,"14","14",14,"0",4
25900,1100,856,213,"21",15,"15","15",15,"0",4
25901,1100,858,3,"2",18,"16","16",16,"0",4
25902,1100,825,210,"20",14,"17","17",17,"0",3
25903,1100,847,131,"63",2,"\N","R",18,"0",5
25904,1100,848,3,"23",8,"\N","R",19,"0",3
25905,1100,844,6,"16",7,"\N","R",20,"0",4
25906,1101,815,9,"11",3,"1","1",1,"25",1
25907,1101,830,9,"1",2,"2","2",2,"18",1
25908,1101,844,6,"16",1,"3","3",3,"15",1
25909,1101,4,117,"14",6,"4","4",4,"12",1
25910,1101,832,6,"55",4,"5","5",5,"10",1
25911,1101,1,131,"44",5,"6","6",6,"8",1
25912,1101,840,117,"18",9,"7","7",7,"6",1
25913,1101,847,131,"63",11,"8","8",8,"5",1
25914,1101,846,1,"4",7,"9","9",9,"2",1
25915,1101,852,213,"22",8,"10","10",10,"1",1
25916,1101,857,1,"81",10,"11","11",11,"0",1
25917,1101,848,3,"23",12,"12","12",12,"0",1
25918,1101,825,210,"20",16,"13","13",13,"0",1
25919,1101,842,214,"10",17,"14","14",14,"0",1
25920,1101,839,214,"31",0,"15","15",15,"0",1
25921,1101,858,3,"2",14,"16","16",16,"0",1
25922,1101,807,210,"27",0,"17","17",17,"0",11
25923,1101,822,51,"77",13,"18","18",18,"0",11
25924,1101,855,51,"24",15,"\N","R",19,"0",25
25925,1101,856,213,"21",18,"\N","R",20,"0",3
25926,1102,830,9,"1",9,"1","1",1,"26",1
25927,1102,815,9,"11",1,"2","2",2,"18",1
25928,1102,4,117,"14",2,"3","3",3,"15",1
25929,1102,847,131,"63",6,"4","4",4,"12",1
25930,1102,832,6,"55",3,"5","5",5,"10",1
25931,1102,1,131,"44",13,"6","6",6,"8",1
25932,1102,844,6,"16",7,"7","7",7,"6",1
25933,1102,842,214,"10",5,"8","8",8,"4",1
25934,1102,839,214,"31",8,"9","9",9,"2",1
25935,1102,825,210,"20",4,"10","10",10,"1",1
25936,1102,852,213,"22",17,"11","11",11,"0",1
25937,1102,840,117,"18",18,"12","12",12,"0",1
25938,1102,822,51,"77",10,"13","13",13,"0",1
25939,1102,848,3,"23",11,"14","14",14,"0",1
25940,1102,807,210,"27",12,"15","15",15,"0",1
25941,1102,855,51,"24",14,"16","16",16,"0",1
25942,1102,846,1,"4",16,"17","17",17,"0",1
25943,1102,856,213,"21",15,"18","18",18,"0",1
25944,1102,857,1,"81",19,"19","19",19,"0",11
25945,1102,858,3,"2",20,"20","20",20,"0",11
25946,1104,830,9,"1",1,"1","1",1,"25",1
25947,1104,4,117,"14",2,"2","2",2,"18",1
25948,1104,839,214,"31",3,"3","3",3,"15",1
25949,1104,1,131,"44",5,"4","4",4,"13",1
25950,1104,847,131,"63",8,"5","5",5,"10",1
25951,1104,844,6,"16",6,"6","6",6,"8",1
25952,1104,842,214,"10",7,"7","7",7,"6",1
25953,1104,832,6,"55",4,"8","8",8,"4",1
25954,1104,846,1,"4",10,"9","9",9,"2",11
25955,1104,857,1,"81",11,"10","10",10,"1",11
25956,1104,822,51,"77",15,"11","11",11,"0",11
25957,1104,856,213,"21",12,"12","12",12,"0",11
25958,1104,855,51,"24",19,"13","13",13,"0",11
25959,1104,848,3,"23",13,"14","14",14,"0",11
25960,1104,852,213,"22",9,"15","15",15,"0",12
25961,1104,815,9,"11",20,"16","16",16,"0",12
25962,1104,807,210,"27",18,"17","17",17,"0",12
25963,1104,858,3,"2",16,"18","18",18,"0",12
25964,1104,825,210,"20",17,"\N","R",19,"0",130
25965,1104,840,117,"18",14,"\N","R",20,"0",3
25966,1105,830,9,"1",1,"1","1",1,"26",1
25967,1105,1,131,"44",4,"2","2",2,"18",1
25968,1105,847,131,"63",12,"3","3",3,"15",1
25969,1105,815,9,"11",11,"4","4",4,"12",1
25970,1105,832,6,"55",2,"5","5",5,"10",1
25971,1105,840,117,"18",5,"6","6",6,"8",1
25972,1105,4,117,"14",8,"7","7",7,"6",1
25973,1105,839,214,"31",6,"8","8",8,"4",1
25974,1105,855,51,"24",13,"9","9",9,"2",1
25975,1105,842,214,"10",10,"10","10",10,"1",1
25976,1105,844,6,"16",19,"11","11",11,"0",1
25977,1105,852,213,"22",15,"12","12",12,"0",1
25978,1105,857,1,"81",9,"13","13",13,"0",11
25979,1105,856,213,"21",14,"14","14",14,"0",11
25980,1105,807,210,"27",7,"15","15",15,"0",11
25981,1105,848,3,"23",18,"16","16",16,"0",11
25982,1105,846,1,"4",3,"17","17",17,"0",11
25983,1105,825,210,"20",17,"18","18",18,"0",11
25984,1105,822,51,"77",16,"19","19",19,"0",11
25985,1105,858,3,"2",20,"20","20",20,"0",11
25986,1106,830,9,"1",1,"1","1",1,"25",1
25987,1106,4,117,"14",2,"2","2",2,"18",1
25988,1106,1,131,"44",3,"3","3",3,"15",1
25989,1106,844,6,"16",10,"4","4",4,"12",1
25990,1106,832,6,"55",11,"5","5",5,"10",1
25991,1106,815,9,"11",12,"6","6",6,"9",1
25992,1106,848,3,"23",9,"7","7",7,"6",1
25993,1106,839,214,"31",6,"8","8",8,"4",1
25994,1106,840,117,"18",16,"9","9",9,"2",1
25995,1106,822,51,"77",14,"10","10",10,"1",1
25996,1106,857,1,"81",8,"11","11",11,"0",1
25997,1106,842,214,"10",15,"12","12",12,"0",1
25998,1106,846,1,"4",7,"13","13",13,"0",1
25999,1106,852,213,"22",19,"14","14",14,"0",1
26000,1106,807,210,"27",5,"15","15",15,"0",11
26001,1106,855,51,"24",20,"16","16",16,"0",11
26002,1106,825,210,"20",13,"17","17",17,"0",11
26003,1106,856,213,"21",17,"18","18",18,"0",11
26004,1106,847,131,"63",4,"\N","R",19,"0",23
26005,1106,858,3,"2",18,"\N","R",20,"0",5
26006,1107,830,9,"1",1,"1","1",1,"26",1
26007,1107,844,6,"16",2,"2","2",2,"18",1
26008,1107,815,9,"11",15,"3","3",3,"15",1
26009,1107,846,1,"4",4,"4","4",4,"12",1
26010,1107,4,117,"14",7,"5","5",5,"10",1
26011,1107,832,6,"55",3,"6","6",6,"8",1
26012,1107,847,131,"63",11,"7","7",7,"6",1
26013,1107,1,131,"44",5,"8","8",8,"4",1
26014,1107,840,117,"18",6,"9","9",9,"2",1
26015,1107,842,214,"10",9,"10","10",10,"1",1
26016,1107,848,3,"23",10,"11","11",11,"0",1
26017,1107,855,51,"24",17,"12","12",12,"0",11
26018,1107,858,3,"2",18,"13","13",13,"0",11
26019,1107,839,214,"31",12,"14","14",14,"0",11
26020,1107,822,51,"77",14,"15","15",15,"0",11
26021,1107,857,1,"81",13,"16","16",16,"0",11
26022,1107,856,213,"21",0,"17","17",17,"0",11
26023,1107,825,210,"20",0,"18","18",18,"0",11
26024,1107,852,213,"22",16,"19","19",19,"0",11
26025,1107,807,210,"27",8,"\N","R",20,"0",75
26026,1108,830,9,"1",1,"1","1",1,"26",1
26027,1108,846,1,"4",2,"2","2",2,"18",1
26028,1108,1,131,"44",7,"3","3",3,"15",1
26029,1108,857,1,"81",3,"4","4",4,"12",1
26030,1108,847,131,"63",6,"5","5",5,"10",1
26031,1108,815,9,"11",15,"6","6",6,"8",1
26032,1108,4,117,"14",9,"7","7",7,"6",1
26033,1108,848,3,"23",8,"8","8",8,"4",1
26034,1108,844,6,"16",4,"9","9",9,"2",1
26035,1108,832,6,"55",5,"10","10",10,"1",1
26036,1108,858,3,"2",14,"11","11",11,"0",1
26037,1108,822,51,"77",20,"12","12",12,"0",1
26038,1108,807,210,"27",11,"13","13",13,"0",1
26039,1108,840,117,"18",12,"14","14",14,"0",1
26040,1108,855,51,"24",17,"15","15",15,"0",1
26041,1108,852,213,"22",16,"16","16",16,"0",1
26042,1108,856,213,"21",18,"17","17",17,"0",1
26043,1108,842,214,"10",10,"18","18",18,"0",130
26044,1108,825,210,"20",19,"\N","R",19,"0",5
26045,1108,839,214,"31",13,"\N","R",20,"0",44
26046,1109,830,9,"1",2,"1","1",1,"26",1
26047,1109,846,1,"4",3,"2","2",2,"18",1
26048,1109,815,9,"11",9,"3","3",3,"15",1
26049,1109,1,131,"44",1,"4","4",4,"12",1
26050,1109,857,1,"81",4,"5","5",5,"10",1
26051,1109,847,131,"63",18,"6","6",6,"8",1
26052,1109,844,6,"16",6,"7","7",7,"6",1
26053,1109,832,6,"55",11,"8","8",8,"4",1
26054,1109,4,117,"14",8,"9","9",9,"2",1
26055,1109,840,117,"18",14,"10","10",10,"1",11
26056,1109,848,3,"23",16,"11","11",11,"0",11
26057,1109,822,51,"77",7,"12","12",12,"0",11
26058,1109,817,213,"3",13,"13","13",13,"0",11
26059,1109,807,210,"27",10,"14","14",14,"0",11
26060,1109,852,213,"22",17,"15","15",15,"0",11
26061,1109,855,51,"24",5,"16","16",16,"0",11
26062,1109,825,210,"20",19,"17","17",17,"0",11
26063,1109,858,3,"2",20,"\N","R",18,"0",31
26064,1109,839,214,"31",12,"\N","R",19,"0",130
26065,1109,842,214,"10",15,"\N","R",20,"0",130
26066,1110,830,9,"1",6,"1","1",1,"25",1
26067,1110,815,9,"11",2,"2","2",2,"18",1
26068,1110,844,6,"16",1,"3","3",3,"15",1
26069,1110,1,131,"44",3,"4","4",4,"13",1
26070,1110,4,117,"14",9,"5","5",5,"10",1
26071,1110,847,131,"63",8,"6","6",6,"8",1
26072,1110,846,1,"4",7,"7","7",7,"6",1
26073,1110,839,214,"31",14,"8","8",8,"4",1
26074,1110,840,117,"18",10,"9","9",9,"2",1
26075,1110,852,213,"22",11,"10","10",10,"1",1
26076,1110,842,214,"10",12,"11","11",11,"0",1
26077,1110,822,51,"77",13,"12","12",12,"0",1
26078,1110,855,51,"24",17,"13","13",13,"0",1
26079,1110,848,3,"23",15,"14","14",14,"0",1
26080,1110,825,210,"20",16,"15","15",15,"0",1
26081,1110,817,213,"3",19,"16","16",16,"0",1
26082,1110,858,3,"2",18,"17","17",17,"0",1
26083,1110,807,210,"27",0,"18","18",18,"0",1
26084,1110,832,6,"55",4,"\N","R",19,"0",130
26085,1110,857,1,"81",5,"\N","R",20,"0",130
26086,1111,830,9,"1",1,"1","1",1,"25",1
26087,1111,4,117,"14",5,"2","2",2,"19",1
26088,1111,842,214,"10",12,"3","3",3,"15",1
26089,1111,815,9,"11",7,"4","4",4,"12",1
26090,1111,832,6,"55",6,"5","5",5,"10",1
26091,1111,1,131,"44",13,"6","6",6,"8",1
26092,1111,846,1,"4",2,"7","7",7,"6",1
26093,1111,848,3,"23",4,"8","8",8,"4",1
26094,1111,857,1,"81",8,"9","9",9,"2",1
26095,1111,839,214,"31",16,"10","10",10,"1",1
26096,1111,840,117,"18",11,"11","11",11,"0",1
26097,1111,807,210,"27",14,"12","12",12,"0",1
26098,1111,859,213,"40",19,"13","13",13,"0",1
26099,1111,822,51,"77",18,"14","14",14,"0",1
26100,1111,852,213,"22",17,"15","15",15,"0",1
26101,1111,825,210,"20",0,"16","16",16,"0",1
26102,1111,847,131,"63",3,"17","17",17,"0",1
26103,1111,855,51,"24",15,"\N","R",18,"0",3
26104,1111,844,6,"16",9,"\N","R",19,"0",140
26105,1111,858,3,"2",10,"\N","R",20,"0",3
26106,1112,830,9,"1",2,"1","1",1,"25",1
26107,1112,815,9,"11",5,"2","2",2,"18",1
26108,1112,832,6,"55",1,"3","3",3,"15",1
26109,1112,844,6,"16",3,"4","4",4,"12",1
26110,1112,847,131,"63",4,"5","5",5,"10",1
26111,1112,1,131,"44",8,"6","6",6,"8",1
26112,1112,848,3,"23",6,"7","7",7,"6",1
26113,1112,846,1,"4",9,"8","8",8,"4",1
26114,1112,4,117,"14",10,"9","9",9,"2",1
26115,1112,822,51,"77",14,"10","10",10,"1",1
26116,1112,859,213,"40",12,"11","11",11,"0",1
26117,1112,857,1,"81",7,"12","12",12,"0",1
26118,1112,858,3,"2",15,"13","13",13,"0",1
26119,1112,855,51,"24",16,"14","14",14,"0",1
26120,1112,842,214,"10",17,"15","15",15,"0",1
26121,1112,840,117,"18",20,"16","16",16,"0",1
26122,1112,807,210,"27",13,"17","17",17,"0",11
26123,1112,825,210,"20",19,"18","18",18,"0",11
26124,1112,839,214,"31",18,"\N","R",19,"0",38
26125,1112,852,213,"22",11,"\N","R",20,"0",5
26126,1113,832,6,"55",1,"1","1",1,"25",1
26127,1113,846,1,"4",4,"2","2",2,"18",1
26128,1113,1,131,"44",5,"3","3",3,"16",1
26129,1113,844,6,"16",3,"4","4",4,"12",1
26130,1113,830,9,"1",11,"5","5",5,"10",1
26131,1113,842,214,"10",12,"6","6",6,"8",1
26132,1113,857,1,"81",17,"7","7",7,"6",1
26133,1113,815,9,"11",13,"8","8",8,"4",1
26134,1113,859,213,"40",10,"9","9",9,"2",1
26135,1113,825,210,"20",6,"10","10",10,"1",1
26136,1113,848,3,"23",14,"11","11",11,"0",1
26137,1113,855,51,"24",0,"12","12",12,"0",1
26138,1113,807,210,"27",9,"13","13",13,"0",1
26139,1113,858,3,"2",18,"14","14",14,"0",1
26140,1113,4,117,"14",7,"15","15",15,"0",1
26141,1113,847,131,"63",2,"16","16",16,"0",3
26142,1113,822,51,"77",16,"\N","R",17,"0",39
26143,1113,839,214,"31",8,"\N","R",18,"0",6
26144,1113,852,213,"22",15,"\N","R",19,"0",4
26145,1113,840,117,"18",0,"\N","W",20,"0",54
26146,1114,830,9,"1",1,"1","1",1,"26",1
26147,1114,846,1,"4",3,"2","2",2,"18",1
26148,1114,857,1,"81",2,"3","3",3,"15",1
26149,1114,844,6,"16",4,"4","4",4,"12",1
26150,1114,1,131,"44",7,"5","5",5,"10",1
26151,1114,832,6,"55",6,"6","6",6,"8",1
26152,1114,847,131,"63",8,"7","7",7,"6",1
26153,1114,4,117,"14",10,"8","8",8,"4",1
26154,1114,839,214,"31",14,"9","9",9,"2",1
26155,1114,842,214,"10",12,"10","10",10,"1",1
26156,1114,859,213,"40",11,"11","11",11,"0",11
26157,1114,852,213,"22",9,"12","12",12,"0",11
26158,1114,855,51,"24",19,"13","13",13,"0",11
26159,1114,807,210,"27",18,"14","14",14,"0",11
26160,1114,825,210,"20",15,"15","15",15,"0",11
26161,1114,848,3,"23",13,"\N","R",16,"0",130
26162,1114,858,3,"2",0,"\N","R",17,"0",130
26163,1114,840,117,"18",17,"\N","R",18,"0",65
26164,1114,815,9,"11",5,"\N","R",19,"0",130
26165,1114,822,51,"77",16,"\N","R",20,"0",130
26166,1115,830,9,"1",1,"1","1",1,"26",1
26167,1115,857,1,"81",6,"2","2",2,"18",1
26168,1115,846,1,"4",10,"3","3",3,"15",1
26169,1115,847,131,"63",2,"4","4",4,"12",1
26170,1115,844,6,"16",5,"5","5",5,"10",1
26171,1115,4,117,"14",4,"6","6",6,"8",1
26172,1115,839,214,"31",8,"7","7",7,"6",1
26173,1115,822,51,"77",9,"8","8",8,"4",1
26174,1115,855,51,"24",19,"9","9",9,"2",1
26175,1115,815,9,"11",0,"10","10",10,"1",1
26176,1115,840,117,"18",16,"11","11",11,"0",1
26177,1115,842,214,"10",7,"12","12",12,"0",1
26178,1115,848,3,"23",13,"13","13",13,"0",1
26179,1115,825,210,"20",18,"14","14",14,"0",11
26180,1115,852,213,"22",11,"15","15",15,"0",11
26181,1115,807,210,"27",14,"16","16",16,"0",11
26182,1115,859,213,"40",17,"17","17",17,"0",11
26183,1115,858,3,"2",15,"\N","R",18,"0",139
26184,1115,1,131,"44",3,"\N","R",19,"0",4
26185,1115,832,6,"55",12,"\N","W",20,"0",95
26186,1116,830,9,"1",6,"1","1",1,"25",1
26187,1116,846,1,"4",2,"2","2",2,"18",1
26188,1116,832,6,"55",4,"3","3",3,"15",1
26189,1116,815,9,"11",9,"4","4",4,"12",1
26190,1116,847,131,"63",5,"5","5",5,"10",1
26191,1116,842,214,"10",7,"6","6",6,"8",1
26192,1116,840,117,"18",0,"7","7",7,"6",1
26193,1116,852,213,"22",11,"8","8",8,"5",1
26194,1116,848,3,"23",15,"9","9",9,"2",1
26195,1116,858,3,"2",16,"10","10",10,"1",1
26196,1116,807,210,"27",0,"11","11",11,"0",1
26197,1116,822,51,"77",13,"12","12",12,"0",1
26198,1116,855,51,"24",12,"13","13",13,"0",11
26199,1116,825,210,"20",0,"14","14",14,"0",11
26200,1116,817,213,"3",14,"15","15",15,"0",11
26201,1116,4,117,"14",0,"\N","R",16,"0",140
26202,1116,857,1,"81",10,"\N","R",17,"0",21
26203,1116,839,214,"31",8,"\N","R",18,"0",130
26204,1116,1,131,"44",3,"\N","D",19,"0",2
26205,1116,844,6,"16",1,"\N","D",20,"0",2
26206,1117,830,9,"1",3,"1","1",1,"25",1
26207,1117,1,131,"44",6,"2","2",2,"19",1
26208,1117,844,6,"16",1,"3","3",3,"15",1
26209,1117,832,6,"55",2,"4","4",4,"12",1
26210,1117,846,1,"4",17,"5","5",5,"10",1
26211,1117,847,131,"63",8,"6","6",6,"8",1
26212,1117,817,213,"3",4,"7","7",7,"6",1
26213,1117,857,1,"81",7,"8","8",8,"4",1
26214,1117,848,3,"23",14,"9","9",9,"2",1
26215,1117,839,214,"31",15,"10","10",10,"1",1
26216,1117,842,214,"10",11,"11","11",11,"0",1
26217,1117,852,213,"22",18,"12","12",12,"0",1
26218,1117,807,210,"27",12,"13","13",13,"0",1
26219,1117,855,51,"24",10,"14","14",14,"0",1
26220,1117,822,51,"77",9,"15","15",15,"0",1
26221,1117,858,3,"2",19,"16","16",16,"0",31
26222,1117,840,117,"18",0,"17","17",17,"0",130
26223,1117,4,117,"14",13,"\N","R",18,"0",54
26224,1117,825,210,"20",16,"\N","R",19,"0",3
26225,1117,815,9,"11",5,"\N","R",20,"0",130
26226,1118,830,9,"1",1,"1","1",1,"25",1
26227,1118,846,1,"4",6,"2","2",2,"19",1
26228,1118,4,117,"14",4,"3","3",3,"15",1
26229,1118,815,9,"11",9,"4","4",4,"12",1
26230,1118,840,117,"18",3,"5","5",5,"10",1
26231,1118,832,6,"55",7,"6","6",6,"8",1
26232,1118,842,214,"10",15,"7","7",7,"6",1
26233,1118,1,131,"44",5,"8","8",8,"4",1
26234,1118,852,213,"22",16,"9","9",9,"2",1
26235,1118,839,214,"31",14,"10","10",10,"1",11
26236,1118,858,3,"2",19,"11","11",11,"0",11
26237,1118,807,210,"27",11,"12","12",12,"0",11
26238,1118,817,213,"3",17,"13","13",13,"0",11
26239,1118,857,1,"81",10,"14","14",14,"0",12
26240,1118,847,131,"63",8,"\N","R",15,"0",25
26241,1118,822,51,"77",18,"\N","R",16,"0",5
26242,1118,855,51,"24",20,"\N","R",17,"0",5
26243,1118,825,210,"20",12,"\N","R",18,"0",4
26244,1118,848,3,"23",13,"\N","R",19,"0",4
26245,1118,844,6,"16",0,"\N","W",20,"0",5
26246,1119,830,9,"1",2,"1","1",1,"25",1
26247,1119,844,6,"16",1,"2","2",2,"18",1
26248,1119,815,9,"11",11,"3","3",3,"15",1
26249,1119,839,214,"31",16,"4","4",4,"12",1
26250,1119,840,117,"18",19,"5","5",5,"10",1
26251,1119,832,6,"55",12,"6","6",6,"8",1
26252,1119,1,131,"44",10,"7","7",7,"6",1
26253,1119,847,131,"63",3,"8","8",8,"4",1
26254,1119,4,117,"14",9,"9","9",9,"2",1
26255,1119,857,1,"81",18,"10","10",10,"2",1
26256,1119,842,214,"10",4,"11","11",11,"0",1
26257,1119,848,3,"23",5,"12","12",12,"0",1
26258,1119,825,210,"20",8,"13","13",13,"0",1
26259,1119,817,213,"3",14,"14","14",14,"0",1
26260,1119,855,51,"24",17,"15","15",15,"0",1
26261,1119,858,3,"2",6,"16","16",16,"0",1
26262,1119,822,51,"77",7,"17","17",17,"0",1
26263,1119,852,213,"22",20,"18","18",18,"0",6
26264,1119,807,210,"27",13,"19","19",19,"0",5
26265,1119,846,1,"4",15,"\N","R",20,"0",3
26266,1120,830,9,"1",1,"1","1",1,"26",1
26267,1120,844,6,"16",2,"2","2",2,"18",1
26268,1120,847,131,"63",4,"3","3",3,"15",1
26269,1120,815,9,"11",9,"4","4",4,"12",1
26270,1120,846,1,"4",5,"5","5",5,"10",1
26271,1120,857,1,"81",3,"6","6",6,"8",1
26272,1120,4,117,"14",7,"7","7",7,"6",1
26273,1120,852,213,"22",6,"8","8",8,"4",1
26274,1120,1,131,"44",11,"9","9",9,"2",1
26275,1120,840,117,"18",13,"10","10",10,"1",1
26276,1120,817,213,"3",15,"11","11",11,"0",1
26277,1120,839,214,"31",12,"12","12",12,"0",1
26278,1120,842,214,"10",10,"13","13",13,"0",1
26279,1120,848,3,"23",14,"14","14",14,"0",1
26280,1120,807,210,"27",8,"15","15",15,"0",1
26281,1120,858,3,"2",20,"16","16",16,"0",1
26282,1120,855,51,"24",19,"17","17",17,"0",1
26283,1120,832,6,"55",16,"18","18",18,"0",31
26284,1120,822,51,"77",18,"19","19",19,"0",11
26285,1120,825,210,"20",17,"20","20",20,"0",11
26286,1121,830,9,"1",1,"1","1",1,"26",1
26287,1121,815,9,"11",5,"2","2",2,"18",1
26288,1121,832,6,"55",4,"3","3",3,"15",1
26289,1121,844,6,"16",2,"4","4",4,"12",1
26290,1121,847,131,"63",3,"5","5",5,"10",1
26291,1121,846,1,"4",7,"6","6",6,"8",1
26292,1121,1,131,"44",9,"7","7",7,"6",1
26293,1121,857,1,"81",8,"8","8",8,"4",1
26294,1121,4,117,"14",6,"9","9",9,"2",1
26295,1121,840,117,"18",12,"10","10",10,"1",1
26296,1121,855,15,"24",17,"11","11",11,"0",11
26297,1121,825,210,"20",15,"12","12",12,"0",11
26298,1121,817,215,"3",14,"13","13",13,"0",11
26299,1121,852,215,"22",11,"14","14",14,"0",11
26300,1121,848,3,"23",13,"15","15",15,"0",11
26301,1121,807,210,"27",10,"16","16",16,"0",11
26302,1121,839,214,"31",19,"17","17",17,"0",11
26303,1121,842,214,"10",20,"18","18",18,"0",11
26304,1121,822,15,"77",16,"19","19",19,"0",11
26305,1121,858,3,"2",18,"20","20",20,"0",12
26306,1122,830,9,"1",1,"1","1",1,"25",1
26307,1122,815,9,"11",3,"2","2",2,"18",1
26308,1122,844,6,"16",2,"3","3",3,"16",1
26309,1122,857,1,"81",5,"4","4",4,"12",1
26310,1122,4,117,"14",4,"5","5",5,"10",1
26311,1122,847,131,"63",7,"6","6",6,"8",1
26312,1122,860,6,"38",11,"7","7",7,"6",1
26313,1122,846,1,"4",6,"8","8",8,"4",1
26314,1122,1,131,"44",8,"9","9",9,"2",1
26315,1122,807,210,"27",15,"10","10",10,"1",1
26316,1122,848,3,"23",12,"11","11",11,"0",1
26317,1122,825,210,"20",13,"12","12",12,"0",1
26318,1122,839,214,"31",17,"13","13",13,"0",11
26319,1122,858,3,"2",19,"14","14",14,"0",11
26320,1122,852,215,"22",9,"15","15",15,"0",11
26321,1122,817,215,"3",14,"16","16",16,"0",11
26322,1122,822,15,"77",16,"17","17",17,"0",11
26323,1122,855,15,"24",20,"18","18",18,"0",11
26324,1122,840,117,"18",10,"\N","R",19,"0",3
26325,1122,842,214,"10",18,"\N","R",20,"0",6
26326,1123,832,6,"55",2,"1","1",1,"25",1
26327,1123,844,6,"16",4,"2","2",2,"19",1
26328,1123,846,1,"4",3,"3","3",3,"15",1
26329,1123,857,1,"81",5,"4","4",4,"12",1
26330,1123,815,9,"11",6,"5","5",5,"10",1
26331,1123,840,117,"18",9,"6","6",6,"8",1
26332,1123,852,215,"22",8,"7","7",7,"6",1
26333,1123,4,117,"14",10,"8","8",8,"4",1
26334,1123,807,210,"27",16,"9","9",9,"2",1
26335,1123,825,210,"20",14,"10","10",10,"1",11
26336,1123,848,3,"23",12,"11","11",11,"0",11
26337,1123,817,215,"3",18,"12","12",12,"0",11
26338,1123,842,214,"10",17,"13","13",13,"0",11
26339,1123,822,15,"77",13,"14","14",14,"0",11
26340,1123,855,15,"24",19,"15","15",15,"0",11
26341,1123,839,214,"31",15,"16","16",16,"0",11
26342,1123,847,131,"63",7,"17","17",17,"0",3
26343,1123,1,131,"44",11,"\N","R",18,"0",5
26344,1123,830,9,"1",1,"\N","R",19,"0",23
26345,1124,830,9,"1",1,"1","1",1,"26",1
26346,1124,815,9,"11",2,"2","2",2,"18",1
26347,1124,832,6,"55",4,"3","3",3,"15",1
26348,1124,844,6,"16",8,"4","4",4,"12",1
26349,1124,846,1,"4",3,"5","5",5,"10",1
26350,1124,4,117,"14",5,"6","6",6,"8",1
26351,1124,847,131,"63",9,"7","7",7,"6",1
26352,1124,857,1,"81",6,"8","8",8,"4",1
26353,1124,1,131,"44",7,"9","9",9,"2",1
26354,1124,852,215,"22",10,"10","10",10,"1",11
26355,1124,807,210,"27",12,"11","11",11,"0",11
26356,1124,840,117,"18",16,"12","12",12,"0",11
26357,1124,825,210,"20",18,"13","13",13,"0",11
26358,1124,822,15,"77",13,"14","14",14,"0",11
26359,1124,839,214,"31",15,"15","15",15,"0",11
26360,1124,842,214,"10",17,"16","16",16,"0",11
26361,1124,858,3,"2",19,"17","17",17,"0",11
26362,1124,855,15,"24",20,"\N","R",18,"0",6
26363,1124,817,215,"3",11,"\N","R",19,"0",3
26364,1124,848,3,"23",14,"\N","R",20,"0",3
26365,1125,830,9,"1",1,"1","1",1,"25",1
26366,1125,846,1,"4",4,"2","2",2,"18",1
26367,1125,815,9,"11",2,"3","3",3,"15",1
26368,1125,844,6,"16",6,"4","4",4,"12",1
26369,1125,832,6,"55",7,"5","5",5,"10",1
26370,1125,847,131,"63",8,"6","6",6,"8",1
26371,1125,4,117,"14",3,"7","7",7,"7",1
26372,1125,857,1,"81",5,"8","8",8,"4",1
26373,1125,1,131,"44",18,"9","9",9,"2",1
26374,1125,807,210,"27",9,"10","10",10,"1",1
26375,1125,839,214,"31",13,"11","11",11,"0",1
26376,1125,848,3,"23",14,"12","12",12,"0",1
26377,1125,842,214,"10",15,"13","13",13,"0",1
26378,1125,855,15,"24",16,"14","14",14,"0",1
26379,1125,840,117,"18",11,"15","15",15,"0",1
26380,1125,825,210,"20",17,"16","16",16,"0",1
26381,1125,858,3,"2",20,"17","17",17,"0",1
26382,1125,817,215,"3",12,"\N","R",18,"0",31
26383,1125,852,215,"22",19,"\N","R",19,"0",31
26384,1125,822,15,"77",10,"\N","R",20,"0",31
26385,1126,846,1,"4",5,"1","1",1,"25",1
26386,1126,830,9,"1",1,"2","2",2,"18",1
26387,1126,844,6,"16",2,"3","3",3,"15",1
26388,1126,815,9,"11",4,"4","4",4,"12",1
26389,1126,832,6,"55",3,"5","5",5,"10",1
26390,1126,1,131,"44",8,"6","6",6,"8",1
26391,1126,852,215,"22",10,"7","7",7,"6",1
26392,1126,847,131,"63",7,"8","8",8,"4",1
26393,1126,4,117,"14",15,"9","9",9,"2",1
26394,1126,839,214,"31",13,"10","10",10,"1",1
26395,1126,807,210,"27",9,"11","11",11,"0",1
26396,1126,842,214,"10",12,"12","12",12,"0",1
26397,1126,857,1,"81",6,"13","13",13,"0",1
26398,1126,855,15,"24",19,"14","14",14,"0",1
26399,1126,817,215,"3",20,"15","15",15,"0",1
26400,1126,822,15,"77",16,"16","16",16,"0",1
26401,1126,840,117,"18",11,"17","17",17,"0",1
26402,1126,848,3,"23",14,"18","18",18,"0",1
26403,1126,825,210,"20",18,"19","19",19,"0",1
26404,1126,858,3,"2",17,"\N","R",20,"0",4
26405,1127,830,9,"1",1,"1","1",1,"25",1
26406,1127,846,1,"4",2,"2","2",2,"18",1
26407,1127,844,6,"16",3,"3","3",3,"15",1
26408,1127,857,1,"81",5,"4","4",4,"12",1
26409,1127,832,6,"55",4,"5","5",5,"10",1
26410,1127,1,131,"44",8,"6","6",6,"8",1
26411,1127,847,131,"63",6,"7","7",7,"7",1
26412,1127,815,9,"11",11,"8","8",8,"4",1
26413,1127,840,117,"18",13,"9","9",9,"2",1
26414,1127,852,215,"22",7,"10","10",10,"1",11
26415,1127,807,210,"27",10,"11","11",11,"0",11
26416,1127,825,210,"20",18,"12","12",12,"0",11
26417,1127,817,215,"3",9,"13","13",13,"0",11
26418,1127,839,214,"31",12,"14","14",14,"0",11
26419,1127,855,15,"24",17,"15","15",15,"0",11
26420,1127,842,214,"10",15,"16","16",16,"0",11
26421,1127,858,3,"2",19,"17","17",17,"0",11
26422,1127,822,15,"77",16,"18","18",18,"0",11
26423,1127,4,117,"14",20,"19","19",19,"0",11
26424,1127,848,3,"23",14,"\N","R",20,"0",31
26425,1128,844,6,"16",1,"1","1",1,"25",1
26426,1128,857,1,"81",2,"2","2",2,"18",1
26427,1128,832,6,"55",3,"3","3",3,"15",1
26428,1128,846,1,"4",4,"4","4",4,"12",1
26429,1128,847,131,"63",5,"5","5",5,"10",1
26430,1128,830,9,"1",6,"6","6",6,"8",1
26431,1128,1,131,"44",7,"7","7",7,"7",1
26432,1128,852,215,"22",8,"8","8",8,"4",11
26433,1128,848,3,"23",9,"9","9",9,"2",11
26434,1128,842,214,"10",10,"10","10",10,"1",11
26435,1128,4,117,"14",14,"11","11",11,"0",12
26436,1128,817,215,"3",12,"12","12",12,"0",12
26437,1128,822,15,"77",17,"13","13",13,"0",12
26438,1128,840,117,"18",13,"14","14",14,"0",12
26439,1128,858,3,"2",15,"15","15",15,"0",12
26440,1128,855,15,"24",18,"16","16",16,"0",12
26441,1128,839,214,"31",11,"\N","R",17,"0",4
26442,1128,815,9,"11",16,"\N","R",18,"0",4
26443,1128,807,210,"27",19,"\N","R",19,"0",4
26444,1128,825,210,"20",20,"\N","R",20,"0",4
26445,1129,830,9,"1",2,"1","1",1,"25",1
26446,1129,846,1,"4",3,"2","2",2,"18",1
26447,1129,847,131,"63",1,"3","3",3,"15",1
26448,1129,1,131,"44",7,"4","4",4,"13",1
26449,1129,857,1,"81",4,"5","5",5,"10",1
26450,1129,4,117,"14",6,"6","6",6,"8",1
26451,1129,840,117,"18",9,"7","7",7,"6",1
26452,1129,817,215,"3",5,"8","8",8,"4",1
26453,1129,842,214,"10",15,"9","9",9,"2",1
26454,1129,839,214,"31",18,"10","10",10,"1",1
26455,1129,807,210,"27",17,"11","11",11,"0",1
26456,1129,825,210,"20",14,"12","12",12,"0",1
26457,1129,822,15,"77",0,"13","13",13,"0",1
26458,1129,852,215,"22",8,"14","14",14,"0",1
26459,1129,855,15,"24",0,"15","15",15,"0",11
26460,1129,832,6,"55",12,"\N","R",16,"0",4
26461,1129,848,3,"23",10,"\N","R",17,"0",4
26462,1129,815,9,"11",16,"\N","R",18,"0",3
26463,1129,844,6,"16",11,"\N","R",19,"0",5
26464,1129,858,3,"2",13,"\N","R",20,"0",3
26465,1130,830,9,"1",2,"1","1",1,"25",1
26466,1130,846,1,"4",1,"2","2",2,"19",1
26467,1130,1,131,"44",3,"3","3",3,"15",1
26468,1130,847,131,"63",4,"4","4",4,"12",1
26469,1130,844,6,"16",5,"5","5",5,"10",1
26470,1130,832,6,"55",6,"6","6",6,"8",1
26471,1130,857,1,"81",9,"7","7",7,"6",1
26472,1130,815,9,"11",11,"8","8",8,"4",1
26473,1130,842,214,"10",7,"9","9",9,"2",1
26474,1130,839,214,"31",8,"10","10",10,"1",1
26475,1130,807,210,"27",13,"11","11",11,"0",1
26476,1130,4,117,"14",10,"12","12",12,"0",11
26477,1130,855,15,"24",15,"13","13",13,"0",11
26478,1130,840,117,"18",14,"14","14",14,"0",11
26479,1130,817,215,"3",18,"15","15",15,"0",11
26480,1130,822,15,"77",12,"16","16",16,"0",11
26481,1130,825,210,"20",16,"17","17",17,"0",11
26482,1130,848,3,"23",0,"18","18",18,"0",11
26483,1130,852,215,"22",17,"19","19",19,"0",11
26484,1130,858,3,"2",19,"20","20",20,"0",12
26485,1131,847,131,"63",3,"1","1",1,"25",1
26486,1131,857,1,"81",7,"2","2",2,"18",1
26487,1131,832,6,"55",4,"3","3",3,"15",1
26488,1131,1,131,"44",5,"4","4",4,"12",1
26489,1131,830,9,"1",1,"5","5",5,"10",1
26490,1131,807,210,"27",9,"6","6",6,"8",1
26491,1131,815,9,"11",8,"7","7",7,"6",1
26492,1131,825,210,"20",12,"8","8",8,"4",1
26493,1131,817,215,"3",11,"9","9",9,"2",1
26494,1131,842,214,"10",13,"10","10",10,"1",1
26495,1131,844,6,"16",6,"11","11",11,"0",1
26496,1131,839,214,"31",10,"12","12",12,"0",1
26497,1131,840,117,"18",17,"13","13",13,"0",11
26498,1131,852,215,"22",14,"14","14",14,"0",11
26499,1131,848,3,"23",16,"15","15",15,"0",11
26500,1131,822,15,"77",18,"16","16",16,"0",11
26501,1131,855,15,"24",20,"17","17",17,"0",11
26502,1131,4,117,"14",15,"18","18",18,"0",11
26503,1131,858,3,"2",19,"19","19",19,"0",12
26504,1131,846,1,"4",2,"20","20",20,"0",17
26505,1132,1,131,"44",2,"1","1",1,"25",1
26506,1132,830,9,"1",4,"2","2",2,"18",1
26507,1132,846,1,"4",3,"3","3",3,"15",1
26508,1132,857,1,"81",5,"4","4",4,"12",1
26509,1132,832,6,"55",7,"5","5",5,"11",1
26510,1132,807,210,"27",6,"6","6",6,"8",1
26511,1132,840,117,"18",8,"7","7",7,"6",1
26512,1132,4,117,"14",10,"8","8",8,"4",1
26513,1132,848,3,"23",9,"9","9",9,"2",1
26514,1132,852,215,"22",13,"10","10",10,"1",1
26515,1132,858,3,"2",12,"11","11",11,"0",1
26516,1132,825,210,"20",17,"12","12",12,"0",1
26517,1132,817,215,"3",15,"13","13",13,"0",11
26518,1132,844,6,"16",11,"14","14",14,"0",11
26519,1132,822,15,"77",16,"15","15",15,"0",11
26520,1132,839,214,"31",18,"16","16",16,"0",12
26521,1132,815,9,"11",0,"17","17",17,"0",12
26522,1132,855,15,"24",14,"18","18",18,"0",12
26523,1132,847,131,"63",1,"\N","R",19,"0",34
26524,1132,842,214,"10",19,"\N","W",20,"0",6
26525,1133,857,1,"81",2,"1","1",1,"25",1
26526,1133,846,1,"4",1,"2","2",2,"18",1
26527,1133,1,131,"44",5,"3","3",3,"15",1
26528,1133,844,6,"16",6,"4","4",4,"12",1
26529,1133,830,9,"1",3,"5","5",5,"10",1
26530,1133,832,6,"55",4,"6","6",6,"8",1
26531,1133,815,9,"11",16,"7","7",7,"6",1
26532,1133,847,131,"63",17,"8","8",8,"5",1
26533,1133,852,215,"22",10,"9","9",9,"2",1
26534,1133,840,117,"18",8,"10","10",10,"1",1
26535,1133,4,117,"14",7,"11","11",11,"0",1
26536,1133,817,215,"3",9,"12","12",12,"0",11
26537,1133,807,210,"27",11,"13","13",13,"0",11
26538,1133,848,3,"23",13,"14","14",14,"0",11
26539,1133,825,210,"20",15,"15","15",15,"0",11
26540,1133,822,15,"77",12,"16","16",16,"0",11
26541,1133,858,3,"2",14,"17","17",17,"0",11
26542,1133,839,214,"31",19,"18","18",18,"0",11
26543,1133,855,15,"24",18,"19","19",19,"0",11
26544,1133,842,214,"10",0,"\N","R",20,"0",9
26545,1134,1,131,"44",3,"1","1",1,"25",1
26546,1134,857,1,"81",5,"2","2",2,"18",1
26547,1134,844,6,"16",1,"3","3",3,"15",1
26548,1134,830,9,"1",11,"4","4",4,"12",1
26549,1134,846,1,"4",4,"5","5",5,"10",1
26550,1134,832,6,"55",7,"6","6",6,"8",1
26551,1134,815,9,"11",2,"7","7",7,"7",1
26552,1134,4,117,"14",8,"8","8",8,"4",1
26553,1134,839,214,"31",9,"9","9",9,"2",1
26554,1134,817,215,"3",13,"10","10",10,"1",1
26555,1134,840,117,"18",15,"11","11",11,"0",1
26556,1134,848,3,"23",10,"12","12",12,"0",1
26557,1134,842,214,"10",12,"13","13",13,"0",1
26558,1134,825,210,"20",17,"14","14",14,"0",1
26559,1134,822,15,"77",14,"15","15",15,"0",1
26560,1134,852,215,"22",20,"16","16",16,"0",1
26561,1134,858,3,"2",18,"17","17",17,"0",1
26562,1134,807,210,"27",16,"18","18",18,"0",1
26563,1134,855,15,"24",19,"\N","R",19,"0",31
26564,1134,847,131,"63",6,"\N","D",20,"0",2
26565,1135,846,1,"4",1,"1","1",1,"26",1
26566,1135,830,9,"1",2,"2","2",2,"18",1
26567,1135,844,6,"16",6,"3","3",3,"15",1
26568,1135,857,1,"81",3,"4","4",4,"12",1
26569,1135,832,6,"55",10,"5","5",5,"10",1
26570,1135,815,9,"11",5,"6","6",6,"8",1
26571,1135,847,131,"63",4,"7","7",7,"6",1
26572,1135,1,131,"44",14,"8","8",8,"4",1
26573,1135,842,214,"10",9,"9","9",9,"2",11
26574,1135,4,117,"14",7,"10","10",10,"1",11
26575,1135,807,210,"27",12,"11","11",11,"0",11
26576,1135,817,215,"3",13,"12","12",12,"0",11
26577,1135,840,117,"18",8,"13","13",13,"0",11
26578,1135,848,3,"23",19,"14","14",14,"0",11
26579,1135,839,214,"31",15,"15","15",15,"0",11
26580,1135,858,3,"2",18,"16","16",16,"0",11
26581,1135,852,215,"22",11,"17","17",17,"0",11
26582,1135,825,210,"20",0,"18","18",18,"0",11
26583,1135,822,15,"77",16,"19","19",19,"0",12
26584,1135,855,15,"24",17,"20","20",20,"0",12
26585,1136,844,6,"16",4,"1","1",1,"25",1
26586,1136,857,1,"81",2,"2","2",2,"18",1
26587,1136,846,1,"4",1,"3","3",3,"16",1
26588,1136,832,6,"55",5,"4","4",4,"12",1
26589,1136,1,131,"44",6,"5","5",5,"10",1
26590,1136,830,9,"1",7,"6","6",6,"8",1
26591,1136,847,131,"63",3,"7","7",7,"6",1
26592,1136,815,9,"11",8,"8","8",8,"4",1
26593,1136,848,3,"23",9,"9","9",9,"2",1
26594,1136,825,210,"20",13,"10","10",10,"1",1
26595,1136,4,117,"14",11,"11","11",11,"0",1
26596,1136,861,3,"43",18,"12","12",12,"0",1
26597,1136,817,215,"3",12,"13","13",13,"0",1
26598,1136,839,214,"31",15,"14","14",14,"0",11
26599,1136,842,214,"10",14,"15","15",15,"0",11
26600,1136,822,15,"77",19,"16","16",16,"0",11
26601,1136,807,210,"27",10,"17","17",17,"0",11
26602,1136,855,15,"24",20,"18","18",18,"0",11
26603,1136,840,117,"18",17,"19","19",19,"0",11
26604,1136,852,215,"22",16,"\N","R",20,"0",25
26605,1137,857,1,"81",2,"1","1",1,"25",1
26606,1137,844,6,"16",1,"2","2",2,"18",1
26607,1137,847,131,"63",5,"3","3",3,"15",1
26608,1137,846,1,"4",15,"4","4",4,"13",1
26609,1137,830,9,"1",6,"5","5",5,"10",1
26610,1137,4,117,"14",7,"6","6",6,"8",1
26611,1137,848,3,"23",9,"7","7",7,"6",1
26612,1137,861,3,"43",8,"8","8",8,"4",1
26613,1137,1,131,"44",0,"9","9",9,"2",1
26614,1137,860,210,"50",10,"10","10",10,"1",1
26615,1137,807,210,"27",12,"11","11",11,"0",1
26616,1137,842,214,"10",18,"12","12",12,"0",1
26617,1137,817,215,"3",14,"13","13",13,"0",1
26618,1137,855,15,"24",17,"14","14",14,"0",1
26619,1137,839,214,"31",0,"15","15",15,"0",11
26620,1137,822,15,"77",16,"16","16",16,"0",11
26621,1137,815,9,"11",4,"17","17",17,"0",31
26622,1137,832,6,"55",3,"18","18",18,"0",31
26623,1137,840,117,"18",13,"19","19",19,"0",31
26624,1137,852,215,"22",11,"\N","R",20,"0",31
26625,1138,846,1,"4",1,"1","1",1,"25",1
26626,1138,830,9,"1",2,"2","2",2,"18",1
26627,1138,857,1,"81",5,"3","3",3,"15",1
26628,1138,847,131,"63",4,"4","4",4,"12",1
26629,1138,844,6,"16",9,"5","5",5,"10",1
26630,1138,1,131,"44",3,"6","6",6,"8",1
26631,1138,832,6,"55",10,"7","7",7,"6",1
26632,1138,4,117,"14",7,"8","8",8,"4",11
26633,1138,807,210,"27",6,"9","9",9,"2",11
26634,1138,815,9,"11",13,"10","10",10,"1",11
26635,1138,861,3,"43",12,"11","11",11,"0",11
26636,1138,852,215,"22",8,"12","12",12,"0",11
26637,1138,839,214,"31",15,"13","13",13,"0",11
26638,1138,840,117,"18",17,"14","14",14,"0",11
26639,1138,855,15,"24",20,"15","15",15,"0",11
26640,1138,822,15,"77",19,"16","16",16,"0",11
26641,1138,842,214,"10",18,"17","17",17,"0",11
26642,1138,817,215,"3",16,"18","18",18,"0",11
26643,1138,825,210,"20",14,"19","19",19,"0",3
26644,1138,848,3,"23",11,"\N","R",20,"0",131
26645,1139,844,6,"16",4,"1","1",1,"25",1
26646,1139,832,6,"55",3,"2","2",2,"18",1
26647,1139,830,9,"1",2,"3","3",3,"15",1
26648,1139,846,1,"4",1,"4","4",4,"12",1
26649,1139,857,1,"81",5,"5","5",5,"10",1
26650,1139,847,131,"63",20,"6","6",6,"8",1
26651,1139,815,9,"11",9,"7","7",7,"6",1
26652,1139,807,210,"27",11,"8","8",8,"4",1
26653,1139,859,215,"30",19,"9","9",9,"2",1
26654,1139,861,3,"43",15,"10","10",10,"1",1
26655,1139,825,210,"20",8,"11","11",11,"0",1
26656,1139,842,214,"10",6,"12","12",12,"0",1
26657,1139,4,117,"14",7,"13","13",13,"0",11
26658,1139,852,215,"22",10,"14","14",14,"0",11
26659,1139,840,117,"18",13,"15","15",15,"0",11
26660,1139,848,3,"23",14,"16","16",16,"0",11
26661,1139,822,15,"77",16,"17","17",17,"0",11
26662,1139,839,214,"31",12,"18","18",18,"0",11
26663,1139,855,15,"24",18,"19","19",19,"0",11
26664,1139,1,131,"44",17,"\N","R",20,"0",20
26665,1140,832,6,"55",1,"1","1",1,"25",1
26666,1140,846,1,"4",3,"2","2",2,"18",1
26667,1140,844,6,"16",4,"3","3",3,"16",1
26668,1140,1,131,"44",6,"4","4",4,"12",1
26669,1140,847,131,"63",5,"5","5",5,"10",1
26670,1140,830,9,"1",2,"6","6",6,"8",1
26671,1140,825,210,"20",7,"7","7",7,"6",1
26672,1140,857,1,"81",17,"8","8",8,"4",1
26673,1140,807,210,"27",10,"9","9",9,"2",11
26674,1140,842,214,"10",8,"10","10",10,"1",11
26675,1140,840,117,"18",14,"11","11",11,"0",11
26676,1140,861,3,"43",16,"12","12",12,"0",11
26677,1140,839,214,"31",0,"13","13",13,"0",11
26678,1140,822,15,"77",15,"14","14",14,"0",11
26679,1140,855,15,"24",19,"15","15",15,"0",11
26680,1140,859,215,"30",12,"16","16",16,"0",11
26681,1140,815,9,"11",18,"17","17",17,"0",11
26682,1140,4,117,"14",13,"\N","R",18,"0",23
26683,1140,848,3,"23",9,"\N","R",19,"0",4
26684,1140,852,215,"22",11,"\N","R",20,"0",4
26685,1141,830,9,"1",17,"1","1",1,"26",1
26686,1141,839,214,"31",4,"2","2",2,"18",1
26687,1141,842,214,"10",13,"3","3",3,"15",1
26688,1141,847,131,"63",2,"4","4",4,"12",1
26689,1141,844,6,"16",6,"5","5",5,"10",1
26690,1141,846,1,"4",1,"6","6",6,"8",1
26691,1141,852,215,"22",3,"7","7",7,"6",1
26692,1141,857,1,"81",8,"8","8",8,"4",1
26693,1141,859,215,"30",5,"9","9",9,"2",1
26694,1141,1,131,"44",14,"10","10",10,"1",1
26695,1141,815,9,"11",12,"11","11",11,"0",1
26696,1141,860,210,"50",15,"12","12",12,"0",1
26697,1141,822,15,"77",11,"13","13",13,"0",1
26698,1141,4,117,"14",9,"14","14",14,"0",1
26699,1141,855,15,"24",19,"15","15",15,"0",1
26700,1141,832,6,"55",0,"\N","R",16,"0",3
26701,1141,861,3,"43",16,"\N","R",17,"0",3
26702,1141,848,3,"23",7,"\N","W",18,"0",54
26703,1141,840,117,"18",10,"\N","W",19,"0",54
26704,1141,807,210,"27",17,"\N","D",20,"0",2
26705,1142,847,131,"63",1,"1","1",1,"25",1
26706,1142,1,131,"44",10,"2","2",2,"18",1
26707,1142,832,6,"55",2,"3","3",3,"15",1
26708,1142,844,6,"16",4,"4","4",4,"12",1
26709,1142,830,9,"1",5,"5","5",5,"10",1
26710,1142,846,1,"4",6,"6","6",6,"9",1
26711,1142,857,1,"81",8,"7","7",7,"6",1
26712,1142,807,210,"27",9,"8","8",8,"4",1
26713,1142,852,215,"22",7,"9","9",9,"2",1
26714,1142,815,9,"11",15,"10","10",10,"1",1
26715,1142,4,117,"14",16,"11","11",11,"0",1
26716,1142,825,210,"20",12,"12","12",12,"0",1
26717,1142,855,15,"24",13,"13","13",13,"0",1
26718,1142,861,3,"43",0,"14","14",14,"0",1
26719,1142,840,117,"18",18,"15","15",15,"0",1
26720,1142,859,215,"30",14,"16","16",16,"0",1
26721,1142,839,214,"31",11,"17","17",17,"0",11
26722,1142,822,15,"77",19,"18","18",18,"0",11
26723,1142,848,3,"23",17,"\N","R",19,"0",21
26724,1142,842,214,"10",3,"\N","R",20,"0",5
26725,1143,830,9,"1",2,"1","1",1,"25",1
26726,1143,844,6,"16",5,"2","2",2,"18",1
26727,1143,857,1,"81",4,"3","3",3,"15",1
26728,1143,847,131,"63",1,"4","4",4,"12",1
26729,1143,842,214,"10",11,"5","5",5,"10",1
26730,1143,832,6,"55",7,"6","6",6,"8",1
26731,1143,4,117,"14",8,"7","7",7,"6",1
26732,1143,855,15,"24",12,"8","8",8,"4",1
26733,1143,825,210,"20",10,"9","9",9,"2",1
26734,1143,846,1,"4",3,"10","10",10,"2",1
26735,1143,822,15,"77",13,"11","11",11,"0",1
26736,1143,1,131,"44",6,"12","12",12,"0",1
26737,1143,852,215,"22",14,"13","13",13,"0",1
26738,1143,859,215,"30",17,"14","14",14,"0",1
26739,1143,848,3,"23",16,"15","15",15,"0",11
26740,1143,807,210,"27",18,"\N","R",16,"0",20
26741,1143,815,9,"11",9,"\N","R",17,"0",20
26742,1143,840,117,"18",15,"\N","R",18,"0",130
26743,1143,861,3,"43",19,"\N","R",19,"0",4
26744,1143,839,214,"31",20,"\N","R",20,"0",4
26745,1144,846,1,"4",1,"1","1",1,"25",1
26746,1144,832,6,"55",3,"2","2",2,"18",1
26747,1144,844,6,"16",19,"3","3",3,"15",1
26748,1144,1,131,"44",16,"4","4",4,"12",1
26749,1144,847,131,"63",6,"5","5",5,"10",1
26750,1144,830,9,"1",4,"6","6",6,"8",1
26751,1144,842,214,"10",5,"7","7",7,"6",1
26752,1144,807,210,"27",7,"8","8",8,"4",1
26753,1144,4,117,"14",8,"9","9",9,"2",1
26754,1144,857,1,"81",2,"10","10",10,"1",1
26755,1144,848,3,"23",18,"11","11",11,"0",11
26756,1144,852,215,"22",11,"12","12",12,"0",11
26757,1144,855,15,"24",15,"13","13",13,"0",11
26758,1144,840,117,"18",13,"14","14",14,"0",11
26759,1144,862,214,"61",17,"15","15",15,"0",11
26760,1144,825,210,"20",14,"16","16",16,"0",11
26761,1144,859,215,"30",12,"17","17",17,"0",5
26762,1144,822,15,"77",9,"\N","R",18,"0",130
26763,1144,861,3,"43",20,"\N","R",19,"0",5
26764,1144,815,9,"11",10,"\N","R",20,"0",4
